Employee_Name,EmpID,MarriedID,MaritalStatusID,GenderID,EmpStatusID,DeptID,PerfScoreID,FromDiversityJobFairID,Salary,Termd,PositionID,Position,State,Zip,DOB,Sex,CitizenDesc,HispanicLatino,RaceDesc,DateofHire,DateofTermination,TermReason,EmploymentStatus,Department,ManagerName,ManagerID,RecruitmentSource,PerformanceScore,EngagementSurvey,EmpSatisfaction,SpecialProjectsCount,LastPerformanceReview_Date,DaysLateLast30,Absences
"Brown, Mia",10238,1,1,0,1,1,3,1,63000,0,1,Accountant I,MA,01450,1987-11-24 00:00:00,F,US Citizen,No,Black or African American,2008-10-27 00:00:00,NULL,N/A-StillEmployed,Active,Admin Offices,Brandon R. LeBlanc,1,Diversity Job Fair,Fully Meets,4.5,2,6,2019-01-15 00:00:00,0,14
"Howard, Estelle",10182,1,1,0,1,1,3,0,49920,1,2,Administrative Assistant,MA,02170,1985-09-16 00:00:00,F,US Citizen,No,Black or African American,2015-02-16 00:00:00,2015-04-15 00:00:00,"no-call, no-show",Terminated for Cause,Admin Offices,Brandon R. LeBlanc,1,Indeed,Fully Meets,3.24,3,4,2015-04-15 00:00:00,0,6
"LaRotonda, William  ",10038,0,2,1,1,1,3,0,64520,0,1,Accountant I,MA,01460,1984-04-26 00:00:00,M ,US Citizen,No,Black or African American,2014-01-06 00:00:00,NULL,N/A-StillEmployed,Active,Admin Offices,Brandon R. LeBlanc,1,Website,Fully Meets,5,4,4,2019-01-17 00:00:00,0,3
"Singh, Nan ",10039,0,0,0,1,1,3,0,51920,0,2,Administrative Assistant,MA,02330,1988-05-19 00:00:00,F,US Citizen,No,White,2015-05-01 00:00:00,NULL,N/A-StillEmployed,Active,Admin Offices,Brandon R. LeBlanc,1,Website,Fully Meets,5,3,5,2019-01-15 00:00:00,0,2
"Smith, Leigh Ann",10153,1,1,0,5,1,3,1,55000,1,2,Administrative Assistant,MA,01844,1987-06-14 00:00:00,F,US Citizen,No,Black or African American,2011-09-26 00:00:00,2013-09-25 00:00:00,career change,Voluntarily Terminated,Admin Offices,Brandon R. LeBlanc,1,Diversity Job Fair,Fully Meets,3.8,4,4,2013-08-15 00:00:00,0,17
"Steans, Tyrone  ",10147,0,0,1,1,1,3,0,63003,0,1,Accountant I,MA,02703,1986-09-01 00:00:00,M ,US Citizen,No,White,2014-09-29 00:00:00,NULL,N/A-StillEmployed,Active,Admin Offices,Brandon R. LeBlanc,1,Indeed,Fully Meets,3.9,5,5,2019-01-18 00:00:00,0,9
"Bozzi, Charles",10175,0,0,1,5,5,3,0,74312,1,18,Production Manager,MA,01901,1970-03-10 00:00:00,M ,US Citizen,No,Asian,2013-09-30 00:00:00,2014-08-07 00:00:00,retiring,Voluntarily Terminated,Production       ,Janet King,2,Indeed,Fully Meets,3.39,3,0,2014-02-20 00:00:00,0,14
"Candie, Calvin",10001,0,0,1,1,5,4,0,72640,0,18,Production Manager,MA,02169,1983-08-09 00:00:00,M ,US Citizen,No,White,2016-01-28 00:00:00,NULL,N/A-StillEmployed,Active,Production       ,Janet King,2,Indeed,Exceeds,5,3,0,2019-02-22 00:00:00,0,14
"Corleone, Michael",10282,0,2,1,1,5,2,0,68051,0,18,Production Manager,MA,01803,1975-12-17 00:00:00,M ,US Citizen,No,White,2010-07-20 00:00:00,NULL,N/A-StillEmployed,Active,Production       ,Janet King,2,CareerBuilder,Needs Improvement,4.13,2,0,2019-01-14 00:00:00,3,3
"Corleone, Vito",10019,0,0,1,1,5,4,0,170500,0,10,Director of Operations,MA,02030,1983-03-19 00:00:00,M ,US Citizen,No,Black or African American,2009-01-05 00:00:00,NULL,N/A-StillEmployed,Active,Production       ,Janet King,2,Indeed,Exceeds,3.7,5,0,2019-02-04 00:00:00,0,15
"Dunn, Amy  ",10105,0,0,0,1,5,3,0,75188,0,18,Production Manager,MA,01731,1973-11-28 00:00:00,F,US Citizen,No,White,2014-09-18 00:00:00,NULL,N/A-StillEmployed,Active,Production       ,Janet King,2,Google Search,Fully Meets,4.52,4,0,2019-01-15 00:00:00,0,4
"Gray, Elijiah  ",10098,0,2,1,1,5,3,0,62957,0,18,Production Manager,MA,01752,1981-07-11 00:00:00,M ,US Citizen,No,White,2015-06-02 00:00:00,NULL,N/A-StillEmployed,Active,Production       ,Janet King,2,Employee Referral,Fully Meets,4.63,3,0,2019-01-04 00:00:00,0,2
"Houlihan, Debra",10272,1,1,0,1,6,3,0,180000,0,11,Director of Sales,RI,02908,1966-03-17 00:00:00,F,US Citizen,No,White,2014-05-05 00:00:00,NULL,N/A-StillEmployed,Active,Sales,Janet King,2,LinkedIn,Fully Meets,4.5,4,0,2019-01-21 00:00:00,0,19
"Immediato, Walter",10289,1,1,1,5,5,2,0,83082,1,18,Production Manager,MA,02128,1976-11-15 00:00:00,M ,US Citizen,No,Asian,2011-02-21 00:00:00,2012-09-24 00:00:00,unhappy,Voluntarily Terminated,Production       ,Janet King,2,Indeed,Needs Improvement,2.34,2,0,2012-04-12 00:00:00,3,4
"Landa, Hans",10092,1,1,1,4,5,3,0,82758,1,18,Production Manager,MA,01890,1972-07-01 00:00:00,M ,US Citizen,No,White,2011-01-10 00:00:00,2015-12-12 00:00:00,attendance,Terminated for Cause,Production       ,Janet King,2,Employee Referral,Fully Meets,4.78,4,0,2015-02-15 00:00:00,0,9
"LeBlanc, Brandon  R",10134,1,1,1,1,1,3,0,93046,0,23,Shared Services Manager,MA,01460,1984-06-10 00:00:00,M ,US Citizen,No,White,2016-01-05 00:00:00,NULL,N/A-StillEmployed,Active,Admin Offices,Janet King,2,CareerBuilder,Fully Meets,4.1,4,0,2019-01-28 00:00:00,0,20
"Liebig, Ketsia",10017,1,1,0,1,5,4,0,77915,0,18,Production Manager,MA,02110,1981-10-26 00:00:00,F,US Citizen,No,White,2013-09-30 00:00:00,NULL,N/A-StillEmployed,Active,Production       ,Janet King,2,Website,Exceeds,4.1,3,0,2019-01-21 00:00:00,0,11
"Miller, Brannon",10116,0,0,1,1,5,3,0,83667,0,18,Production Manager,MA,02045,1981-08-10 00:00:00,M ,US Citizen,yes,Hispanic,2012-08-16 00:00:00,NULL,N/A-StillEmployed,Active,Production       ,Janet King,2,Indeed,Fully Meets,4.37,3,0,2019-01-14 00:00:00,0,2
"Peterson, Ebonee  ",10130,1,1,0,5,5,3,0,74669,1,18,Production Manager,MA,02030,1977-05-09 00:00:00,F,US Citizen,No,White,2010-10-25 00:00:00,2016-05-18 00:00:00,Another position,Voluntarily Terminated,Production       ,Janet King,2,Indeed,Fully Meets,4.16,5,0,2015-03-05 00:00:00,0,6
"Quinn, Sean",10131,1,1,1,5,1,3,1,83363,1,23,Software Engineer,MA,02045,1984-11-06 00:00:00,M ,Eligible NonCitizen,No,Black or African American,2011-02-21 00:00:00,2015-08-15 00:00:00,career change,Voluntarily Terminated,Software Engineering,Janet King,2,Diversity Job Fair,Fully Meets,4.15,4,0,2014-04-19 00:00:00,0,4
"Spirea, Kelley",10090,1,1,0,1,5,3,0,65714,0,18,Production Manager,MA,02451,1975-09-30 00:00:00,F,US Citizen,No,White,2012-10-02 00:00:00,NULL,N/A-StillEmployed,Active,Production       ,Janet King,2,LinkedIn,Fully Meets,4.83,5,0,2019-02-14 00:00:00,0,15
"Sullivan, Kissy ",10158,1,1,0,1,5,3,0,63682,0,18,Production Manager,MA,01776,1978-03-28 00:00:00,F,US Citizen,No,Black or African American,2009-01-08 00:00:00,NULL,N/A-StillEmployed,Active,Production       ,Janet King,2,Indeed,Fully Meets,3.73,4,0,2019-01-24 00:00:00,0,12
"Vega, Vincent",10144,0,2,1,1,5,3,0,88976,0,17,Production Manager,MA,02169,1968-10-10 00:00:00,M ,US Citizen,No,White,2011-08-01 00:00:00,NULL,N/A-StillEmployed,Active,Production       ,Janet King,2,Employee Referral,Fully Meets,3.93,3,0,2019-02-27 00:00:00,0,19
"Wallace, Courtney  E",10274,1,1,0,5,5,3,1,80512,1,18,Production Manager,MA,02478,1955-11-14 00:00:00,F,US Citizen,No,Black or African American,2011-09-26 00:00:00,2012-01-02 00:00:00,Another position,Voluntarily Terminated,Production       ,Janet King,2,Diversity Job Fair,Fully Meets,4.5,3,0,2012-01-02 00:00:00,0,5
"Zamora, Jennifer",10010,0,0,0,1,3,4,0,220450,0,6,CIO,MA,02067,1979-08-30 00:00:00,F,US Citizen,No,White,2010-04-10 00:00:00,NULL,N/A-StillEmployed,Active,IT/IS,Janet King,2,Employee Referral,Exceeds,4.6,5,6,2019-02-21 00:00:00,0,16
"Boutwell, Bonalyn",10081,1,1,0,1,1,3,1,106367,0,26,Sr. Accountant,MA,02468,1987-04-04 00:00:00,F,US Citizen,No,Black or African American,2015-02-16 00:00:00,NULL,N/A-StillEmployed,Active,Admin Offices,Brandon R. LeBlanc,3,Diversity Job Fair,Fully Meets,5,4,3,2019-02-18 00:00:00,0,4
"Ait Sidi, Karthikeyan   ",10084,1,1,1,5,3,3,0,104437,1,27,Sr. DBA,MA,02148,1975-05-05 00:00:00,M ,US Citizen,No,White,2015-03-30 00:00:00,2016-06-16 00:00:00,career change,Voluntarily Terminated,IT/IS,Simon Roup,4,Indeed,Fully Meets,4.96,3,6,2016-02-24 00:00:00,0,17
"Barbossa, Hector",10012,0,2,1,1,3,4,1,92328,0,9,Data Analyst,TX,78230,1988-07-04 00:00:00,M ,US Citizen,No,Black or African American,2014-11-10 00:00:00,NULL,N/A-StillEmployed,Active,IT/IS,Simon Roup,4,Diversity Job Fair,Exceeds,4.28,4,5,2019-02-25 00:00:00,0,9
"Becker, Renee",10245,0,0,0,4,3,3,0,110000,1,8,Database Administrator,MA,02026,1986-04-04 00:00:00,F,US Citizen,Yes,White,2014-07-07 00:00:00,2015-09-12 00:00:00,performance,Terminated for Cause,IT/IS,Simon Roup,4,Google Search,Fully Meets,4.5,4,5,2015-01-15 00:00:00,0,8
"Booth, Frank",10199,0,0,1,4,3,3,0,103613,1,30,Enterprise Architect,CT,06033,1964-07-30 00:00:00,M ,US Citizen,No,Black or African American,2014-02-17 00:00:00,2016-02-19 00:00:00,Learned that he is a gangster,Terminated for Cause,IT/IS,Simon Roup,4,LinkedIn,Fully Meets,3.5,5,7,2016-01-10 00:00:00,0,2
"Carr, Claudia  N",10082,0,0,0,2,3,3,0,100031,0,27,Sr. DBA,MA,01886,1986-06-06 00:00:00,F,US Citizen,No,Black or African American,2016-06-30 00:00:00,NULL,N/A-StillEmployed,Active,IT/IS,Simon Roup,4,LinkedIn,Fully Meets,5,5,6,2019-02-18 00:00:00,0,7
"Costello, Frank",10193,1,1,1,1,3,3,0,83552,0,9,Data Analyst,MA,01810,1986-08-26 00:00:00,M ,US Citizen,No,White,2015-03-30 00:00:00,NULL,N/A-StillEmployed,Active,IT/IS,Simon Roup,4,Indeed,Fully Meets,3.04,3,6,2019-01-22 00:00:00,0,2
"Goble, Taisha",10246,0,0,0,4,3,3,0,114800,1,8,Database Administrator,MA,02127,1971-10-23 00:00:00,F,US Citizen,No,White,2015-02-16 00:00:00,2015-03-15 00:00:00,"no-call, no-show",Terminated for Cause,IT/IS,Simon Roup,4,Indeed,Fully Meets,4.6,4,4,2015-01-20 00:00:00,0,10
"Horton, Jayne",10112,0,0,0,1,3,3,0,97999,0,8,Database Administrator,MA,02493,1984-02-21 00:00:00,F,US Citizen,No,White,2015-03-30 00:00:00,NULL,N/A-StillEmployed,Active,IT/IS,Simon Roup,4,Indeed,Fully Meets,4.48,5,6,2019-01-03 00:00:00,0,4
"Johnson, Noelle ",10156,1,1,0,3,3,3,0,105700,0,8,Database Administrator,MA,02301,1986-11-07 00:00:00,F,US Citizen,No,Asian,2015-01-05 00:00:00,NULL,N/A-StillEmployed,Active,IT/IS,Simon Roup,4,Indeed,Fully Meets,3.75,3,5,2019-02-11 00:00:00,0,2
"Pearson, Randall",10259,1,1,1,5,3,3,0,93093,1,9,Data Analyst,MA,02747,1984-09-05 00:00:00,M ,US Citizen,No,White,2014-12-01 00:00:00,2016-05-01 00:00:00,performance,Voluntarily Terminated,IT/IS,Simon Roup,4,Employee Referral,Fully Meets,4.7,4,5,2016-01-16 00:00:00,0,19
"Petrowsky, Thelma",10016,1,1,0,1,3,4,0,93554,0,9,Data Analyst,MA,01886,1984-09-16 00:00:00,F,US Citizen,No,Black or African American,2014-11-10 00:00:00,NULL,N/A-StillEmployed,Active,IT/IS,Simon Roup,4,Employee Referral,Exceeds,4.6,5,7,2019-01-04 00:00:00,0,16
"Roby, Lori ",10162,1,1,0,1,3,3,0,89883,0,9,Data Analyst,MA,01886,1981-10-11 00:00:00,F,US Citizen,No,White,2015-02-16 00:00:00,NULL,N/A-StillEmployed,Active,IT/IS,Simon Roup,4,Employee Referral,Fully Meets,3.69,5,6,2019-02-14 00:00:00,0,15
"Roehrich, Bianca",10149,0,0,0,5,3,3,0,120000,1,29,Principal Data Architect,MA,02703,1973-05-27 00:00:00,F,US Citizen,Yes,White,2015-01-05 00:00:00,2018-11-10 00:00:00,Another position,Voluntarily Terminated,IT/IS,Simon Roup,4,LinkedIn,Fully Meets,3.88,3,7,2018-02-13 00:00:00,0,12
"Salter, Jason",10229,0,2,1,5,3,3,0,88527,1,9,Data Analyst ,MA,02452,1987-12-17 00:00:00,M ,US Citizen,No,Black or African American,2015-01-05 00:00:00,2015-10-31 00:00:00,hours,Voluntarily Terminated,IT/IS,Simon Roup,4,LinkedIn,Fully Meets,4.2,3,5,2015-04-20 00:00:00,0,2
"Simard, Kramer",10178,1,1,1,1,3,3,0,87826,0,9,Data Analyst,MA,02110,1970-02-08 00:00:00,M ,US Citizen,Yes,White,2015-01-05 00:00:00,NULL,N/A-StillEmployed,Active,IT/IS,Simon Roup,4,Employee Referral,Fully Meets,3.32,3,7,2019-01-14 00:00:00,0,16
"Voldemort, Lord",10118,1,1,1,4,3,3,0,113999,1,8,Database Administrator,MA,01960,1986-08-07 00:00:00,M ,US Citizen,No,Black or African American,2015-02-16 00:00:00,2017-02-22 00:00:00,"no-call, no-show",Terminated for Cause,IT/IS,Simon Roup,4,Employee Referral,Fully Meets,4.33,3,7,2017-02-15 00:00:00,0,9
"Zhou, Julia",10043,0,0,0,1,3,3,0,89292,0,9,Data Analyst,MA,02148,1979-02-24 00:00:00,F,US Citizen,No,White,2015-03-30 00:00:00,NULL,N/A-StillEmployed,Active,IT/IS,Simon Roup,4,Employee Referral,Fully Meets,5,3,5,2019-02-01 00:00:00,0,11
"Cady, Max ",10150,0,0,1,1,4,3,0,77692,0,25,Software Engineering Manager,MA,02184,1966-11-22 00:00:00,M ,US Citizen,No,White,2011-08-15 00:00:00,NULL,N/A-StillEmployed,Active,Software Engineering,Jennifer Zamora,5,Google Search,Fully Meets,3.84,3,5,2019-01-21 00:00:00,0,4
"Champaigne, Brian",10108,1,1,1,1,3,3,0,110929,0,5,BI Director,MA,02045,1972-02-09 00:00:00,M ,US Citizen,No,White,2016-09-06 00:00:00,NULL,N/A-StillEmployed,Active,IT/IS,Jennifer Zamora,5,Indeed,Fully Meets,4.5,5,7,2019-01-15 00:00:00,0,8
"Dougall, Eric",10028,0,0,1,1,3,4,0,138888,0,13,IT Manager - Support,MA,01886,1970-07-09 00:00:00,M ,US Citizen,No,Black or African American,2014-01-05 00:00:00,NULL,N/A-StillEmployed,Active,IT/IS,Jennifer Zamora,5,Indeed,Exceeds,4.3,5,5,2019-01-04 00:00:00,0,4
"Foss, Jason",10015,0,0,1,1,3,4,0,178000,0,12,IT Director,MA,01460,1980-07-05 00:00:00,M ,US Citizen,No,Black or African American,2011-04-15 00:00:00,NULL,N/A-StillEmployed,Active,IT/IS,Jennifer Zamora,5,Indeed,Exceeds,5,5,5,2019-01-07 00:00:00,0,15
"Monroe, Peter",10288,1,1,1,1,3,2,1,157000,0,13,IT Manager - Infra,MA,02134,1986-10-05 00:00:00,M ,Eligible NonCitizen,Yes,Black or African American,2012-02-15 00:00:00,NULL,N/A-StillEmployed,Active,IT/IS,Jennifer Zamora,5,Diversity Job Fair,Needs Improvement,2.39,3,6,2019-02-22 00:00:00,4,13
"Roup,Simon",10198,0,0,1,1,3,3,0,140920,0,13,IT Manager - DB,MA,02481,1973-04-05 00:00:00,M ,US Citizen,No,White,2013-01-20 00:00:00,NULL,N/A-StillEmployed,Active,IT/IS,Jennifer Zamora,5,Indeed,Fully Meets,3.6,5,7,2019-02-18 00:00:00,0,13
"Ruiz, Ricardo",10222,0,2,1,5,3,3,1,148999,1,13,IT Manager - DB,MA,01915,1964-01-04 00:00:00,M ,US Citizen,No,Black or African American,2012-01-09 00:00:00,2015-11-04 00:00:00,hours,Voluntarily Terminated,IT/IS,Jennifer Zamora,5,Diversity Job Fair,Fully Meets,4.3,4,6,2015-01-04 00:00:00,0,8
"Clayton, Rick",10220,0,0,1,1,3,3,0,68678,0,14,IT Support,MA,02170,1985-09-05 00:00:00,M ,US Citizen,No,White,2012-09-05 00:00:00,NULL,N/A-StillEmployed,Active,IT/IS,Eric Dougall,6,Indeed,Fully Meets,4.7,3,6,2019-02-27 00:00:00,0,2
"Galia, Lisa",10273,0,0,0,1,3,3,0,65707,0,14,IT Support,CT,06040,1968-07-06 00:00:00,F,US Citizen,No,White,2010-05-01 00:00:00,NULL,N/A-StillEmployed,Active,IT/IS,Eric Dougall,6,LinkedIn,Fully Meets,4.7,4,5,2019-02-01 00:00:00,0,1
"Lindsay, Leonara ",10008,0,0,0,1,3,4,1,51777,0,14,IT Support,CT,06070,1988-10-05 00:00:00,F,US Citizen,Yes,Black or African American,2011-01-21 00:00:00,NULL,N/A-StillEmployed,Active,IT/IS,Eric Dougall,6,Diversity Job Fair,Exceeds,4.64,4,5,2019-01-25 00:00:00,0,14
"Soto, Julia ",10119,1,1,0,1,3,3,0,66593,0,14,IT Support,MA,02360,1973-03-12 00:00:00,F,US Citizen,No,Black or African American,2011-06-10 00:00:00,NULL,N/A-StillEmployed,Active,IT/IS,Eric Dougall,6,LinkedIn,Fully Meets,4.3,3,5,2019-02-08 00:00:00,0,19
"Bacong, Alejandro ",10250,0,2,1,1,3,3,0,50178,0,14,IT Support,MA,01886,1988-01-07 00:00:00,M ,US Citizen,No,White,2015-01-05 00:00:00,NULL,N/A-StillEmployed,Active,IT/IS,Peter Monroe,7,Indeed,Fully Meets,5,5,6,2019-02-18 00:00:00,0,16
"Cross, Noah",10083,0,0,1,1,3,3,0,92329,0,28,Sr. Network Engineer,CT,06278,1965-09-09 00:00:00,M ,US Citizen,No,White,2014-11-10 00:00:00,NULL,N/A-StillEmployed,Active,IT/IS,Peter Monroe,7,Employee Referral,Fully Meets,5,3,4,2019-01-02 00:00:00,0,5
"Daniele, Ann  ",10212,1,1,0,3,3,3,0,85028,0,28,Sr. Network Engineer,CT,06033,1952-01-18 00:00:00,F,US Citizen,No,White,2014-11-10 00:00:00,NULL,N/A-StillEmployed,Active,IT/IS,Peter Monroe,7,LinkedIn,Fully Meets,3.1,5,8,2019-02-12 00:00:00,0,19
"Dolan, Linda",10133,1,1,0,1,3,3,0,70621,0,14,IT Support,MA,02119,1988-07-18 00:00:00,F,US Citizen,No,White,2015-01-05 00:00:00,NULL,N/A-StillEmployed,Active,IT/IS,Peter Monroe,7,Employee Referral,Fully Meets,4.11,4,6,2019-02-25 00:00:00,0,16
"Fett, Boba",10309,0,0,1,1,3,1,0,53366,0,15,Network Engineer,MA,02138,1987-06-18 00:00:00,M ,US Citizen,No,White,2015-03-30 00:00:00,NULL,N/A-StillEmployed,Active,IT/IS,Peter Monroe,7,LinkedIn,PIP,1.2,3,6,2019-02-04 00:00:00,3,2
"Goeth, Amon",10228,1,1,1,1,3,3,0,74679,0,14,IT Support,MA,02135,1989-11-24 00:00:00,M ,US Citizen,Yes,White,2015-03-30 00:00:00,NULL,N/A-StillEmployed,Active,IT/IS,Peter Monroe,7,LinkedIn,Fully Meets,4.3,5,7,2019-01-10 00:00:00,0,20
"Gonzalez, Maria",10101,0,3,0,1,3,3,0,61242,0,14,IT Support,MA,02472,1981-04-16 00:00:00,F,US Citizen,Yes,White,2015-01-05 00:00:00,NULL,N/A-StillEmployed,Active,IT/IS,Peter Monroe,7,Employee Referral,Fully Meets,4.61,4,5,2019-01-28 00:00:00,0,11
"Lajiri,  Jyoti",10113,1,1,1,3,3,3,0,93206,0,28,Sr. Network Engineer,MA,02169,1986-04-23 00:00:00,M ,US Citizen,No,White,2014-11-10 00:00:00,NULL,N/A-StillEmployed,Active,IT/IS,Peter Monroe,7,Employee Referral,Fully Meets,4.46,5,6,2019-01-07 00:00:00,0,7
"Morway, Tanya",10151,1,1,0,1,3,3,0,52599,0,15,Network Engineer,MA,02048,1979-04-04 00:00:00,F,US Citizen,No,White,2015-02-16 00:00:00,NULL,N/A-StillEmployed,Active,IT/IS,Peter Monroe,7,CareerBuilder,Fully Meets,3.81,3,6,2019-02-11 00:00:00,0,6
"Shepard, Anita ",10179,1,1,0,1,3,3,0,50750,0,15,Network Engineer,MA,01773,1981-04-14 00:00:00,F,US Citizen,No,White,2014-09-30 00:00:00,NULL,N/A-StillEmployed,Active,IT/IS,Peter Monroe,7,LinkedIn,Fully Meets,3.31,3,6,2019-01-07 00:00:00,0,7
"Soze, Keyser",10180,1,1,1,2,3,3,0,87565,0,28,Sr. Network Engineer,MA,01545,1983-02-09 00:00:00,M ,US Citizen,No,Asian,2016-06-30 00:00:00,NULL,N/A-StillEmployed,Active,IT/IS,Peter Monroe,7,LinkedIn,Fully Meets,3.27,4,5,2019-01-14 00:00:00,0,13
"Tredinnick, Neville ",10044,1,1,1,5,3,3,0,75281,1,15,Network Engineer,MA,01420,1988-05-05 00:00:00,M ,US Citizen,No,White,2015-01-05 00:00:00,2016-02-12 00:00:00,medical issues,Voluntarily Terminated,IT/IS,Peter Monroe,7,CareerBuilder,Fully Meets,5,3,5,2015-04-15 00:00:00,0,11
"Turpin, Jumil",10045,1,1,1,1,3,3,0,76029,0,15,Network Engineer,MA,02343,1969-03-31 00:00:00,M ,Eligible NonCitizen,No,White,2015-03-30 00:00:00,NULL,N/A-StillEmployed,Active,IT/IS,Peter Monroe,7,Employee Referral,Fully Meets,5,4,7,2019-01-14 00:00:00,0,8
"Warfield, Sarah",10127,0,4,0,1,3,3,0,107226,0,28,Sr. Network Engineer,MA,02453,1978-05-02 00:00:00,F,US Citizen,No,Asian,2015-03-30 00:00:00,NULL,N/A-StillEmployed,Active,IT/IS,Peter Monroe,7,Employee Referral,Fully Meets,4.2,4,8,2019-02-05 00:00:00,0,7
"Foster-Baker, Amy",10080,1,1,0,1,1,3,0,99351,0,26,Sr. Accountant,MA,02050,1979-04-16 00:00:00,F,US Citizen,no,White,2009-01-05 00:00:00,NULL,N/A-StillEmployed,Active,Admin Offices,Board of Directors,9,Other,Fully Meets,5,3,2,2019-02-08 00:00:00,0,3
"King, Janet",10089,1,1,0,1,2,3,0,250000,0,16,President & CEO,MA,01902,1954-09-21 00:00:00,F,US Citizen,Yes,White,2012-07-02 00:00:00,NULL,N/A-StillEmployed,Active,Executive Office,Board of Directors,9,Indeed,Fully Meets,4.83,3,0,2019-01-17 00:00:00,0,10
"Andreola, Colby",10194,0,0,0,1,4,3,0,95660,0,24,Software Engineer,MA,02110,1979-05-24 00:00:00,F,US Citizen,No,White,2014-11-10 00:00:00,NULL,N/A-StillEmployed,Active,Software Engineering,Alex Sweetwater,10,LinkedIn,Fully Meets,3.04,3,4,2019-01-02 00:00:00,0,19
"Carabbio, Judith",10085,0,0,0,1,4,3,0,93396,0,24,Software Engineer,MA,02132,1987-04-05 00:00:00,F,US Citizen,No,White,2013-11-11 00:00:00,NULL,N/A-StillEmployed,Active,Software Engineering,Alex Sweetwater,10,Indeed,Fully Meets,4.96,4,6,2019-01-30 00:00:00,0,3
"Del Bosque, Keyla",10155,0,0,0,1,4,3,0,101199,0,24,Software Engineer,MA,02176,1979-07-05 00:00:00,F,US Citizen,No,Black or African American,2012-01-09 00:00:00,NULL,N/A-StillEmployed,Active,Software Engineering,Alex Sweetwater,10,CareerBuilder,Fully Meets,3.79,5,5,2019-01-25 00:00:00,0,8
"Exantus, Susan",10290,1,1,0,4,4,2,0,99280,1,24,Software Engineer,MA,01749,1987-05-15 00:00:00,F,US Citizen,No,Black or African American,2011-05-02 00:00:00,2013-06-05 00:00:00,attendance,Terminated for Cause,Software Engineering,Alex Sweetwater,10,Indeed,Needs Improvement,2.1,5,4,2012-08-10 00:00:00,4,19
"Martin, Sandra",10110,0,0,0,1,4,3,0,105688,0,24,Software Engineer,MA,02135,1987-11-07 00:00:00,F,US Citizen,No,Asian,2013-11-11 00:00:00,NULL,N/A-StillEmployed,Active,Software Engineering,Alex Sweetwater,10,Google Search,Fully Meets,4.5,5,4,2019-01-14 00:00:00,0,14
"Patronick, Lucas",10005,0,0,1,5,4,4,1,108987,1,24,Software Engineer,MA,01844,1979-02-20 00:00:00,M ,US Citizen,No,Black or African American,2011-11-07 00:00:00,2015-09-07 00:00:00,Another position,Voluntarily Terminated,Software Engineering,Alex Sweetwater,10,Diversity Job Fair,Exceeds,5,5,3,2015-08-16 00:00:00,0,13
"Saada, Adell",10126,1,1,0,1,4,3,0,86214,0,24,Software Engineer,MA,02132,1986-07-24 00:00:00,F,US Citizen,No,White,2012-11-05 00:00:00,NULL,N/A-StillEmployed,Active,Software Engineering,Alex Sweetwater,10,Indeed,Fully Meets,4.2,3,6,2019-02-13 00:00:00,0,2
"Szabo, Andrew",10024,0,0,1,1,4,4,0,92989,0,24,Software Engineer,MA,02140,1983-05-06 00:00:00,M ,US Citizen,No,White,2014-07-07 00:00:00,NULL,N/A-StillEmployed,Active,Software Engineering,Alex Sweetwater,10,LinkedIn,Exceeds,4.5,5,5,2019-02-18 00:00:00,0,1
"True, Edward",10102,0,0,1,5,4,3,1,100416,1,24,Software Engineer,MA,02451,1983-06-14 00:00:00,M ,Non-Citizen,No,Black or African American,2013-02-18 00:00:00,2018-04-15 00:00:00,medical issues,Voluntarily Terminated,Software Engineering,Alex Sweetwater,10,Diversity Job Fair,Fully Meets,4.6,3,4,2017-02-12 00:00:00,0,9
"Anderson, Linda  ",10002,0,0,0,1,5,4,0,57568,0,19,Production Technician I,MA,01844,1977-05-22 00:00:00,F,US Citizen,No,White,2012-01-09 00:00:00,NULL,N/A-StillEmployed,Active,Production       ,Amy Dunn,11,LinkedIn,Exceeds,5,5,0,2019-01-07 00:00:00,0,15
"Bernstein, Sean",10046,0,0,1,1,5,3,0,51044,0,19,Production Technician I,MA,02072,1970-12-22 00:00:00,M ,US Citizen,Yes,White,2012-04-02 00:00:00,NULL,N/A-StillEmployed,Active,Production       ,Amy Dunn,11,Google Search,Fully Meets,5,3,0,2019-01-14 00:00:00,0,13
"Burke, Joelle",10107,0,0,0,1,5,3,0,63763,0,20,Production Technician II,MA,02148,1980-03-02 00:00:00,F,US Citizen,No,Black or African American,2012-03-05 00:00:00,NULL,N/A-StillEmployed,Active,Production       ,Amy Dunn,11,Employee Referral,Fully Meets,4.51,4,0,2019-02-21 00:00:00,0,3
"Chivukula, Enola",10240,0,0,0,5,5,3,0,64786,1,19,Production Technician I,MA,01775,1983-08-27 00:00:00,F,US Citizen,No,White,2011-06-27 00:00:00,2015-11-15 00:00:00,relocation out of area,Voluntarily Terminated,Production       ,Amy Dunn,11,Indeed,Fully Meets,4.3,4,0,2015-03-10 00:00:00,0,3
"Desimone, Carl ",10310,1,1,1,1,5,1,0,53189,0,19,Production Technician I,MA,02061,1967-04-19 00:00:00,M ,US Citizen,No,White,2014-07-07 00:00:00,NULL,N/A-StillEmployed,Active,Production       ,Amy Dunn,11,Indeed,PIP,1.12,2,0,2019-01-31 00:00:00,4,9
"Fernandes, Nilson  ",10308,1,1,1,1,5,1,0,64057,0,19,Production Technician I,MA,02132,1989-10-18 00:00:00,M ,US Citizen,No,White,2015-05-11 00:00:00,NULL,N/A-StillEmployed,Active,Production       ,Amy Dunn,11,Indeed,PIP,1.56,5,0,2019-01-03 00:00:00,6,15
"Fitzpatrick, Michael  J",10093,0,0,1,5,5,3,0,72609,1,20,Production Technician II,MA,02143,1981-10-01 00:00:00,M ,US Citizen,Yes,White,2011-05-16 00:00:00,2013-06-24 00:00:00,hours,Voluntarily Terminated,Production       ,Amy Dunn,11,Google Search,Fully Meets,4.76,5,0,2013-04-05 00:00:00,0,20
"Girifalco, Evelyn",10018,0,0,0,1,5,4,0,57815,0,19,Production Technician I,MA,02451,1980-05-08 00:00:00,F,US Citizen,Yes,Two or more races,2014-09-29 00:00:00,NULL,N/A-StillEmployed,Active,Production       ,Amy Dunn,11,Indeed,Exceeds,3.9,4,0,2019-02-07 00:00:00,0,3
"Harrison, Kara",10007,1,1,0,1,5,4,0,62065,0,19,Production Technician I,MA,01886,1974-05-02 00:00:00,F,US Citizen,No,White,2014-05-12 00:00:00,NULL,N/A-StillEmployed,Active,Production       ,Amy Dunn,11,CareerBuilder,Exceeds,4.76,4,0,2019-02-15 00:00:00,0,5
"Huynh, Ming",10160,0,2,0,5,5,3,0,68182,1,20,Production Technician II,MA,01742,1976-09-22 00:00:00,F,US Citizen,No,White,2011-02-21 00:00:00,2013-04-01 00:00:00,unhappy,Voluntarily Terminated,Production       ,Amy Dunn,11,Google Search,Fully Meets,3.72,3,0,2013-02-01 00:00:00,0,18
"Kirill, Alexandra  ",10170,1,1,0,5,5,3,0,45433,1,19,Production Technician I,MA,02127,1970-10-08 00:00:00,F,US Citizen,No,White,2011-09-26 00:00:00,2014-01-09 00:00:00,more money,Voluntarily Terminated,Production       ,Amy Dunn,11,Google Search,Fully Meets,3.49,4,0,2013-01-30 00:00:00,0,6
"MacLennan, Samuel",10191,0,4,1,5,5,3,0,52788,1,19,Production Technician I,MA,01938,1972-11-09 00:00:00,M ,US Citizen,No,White,2012-09-24 00:00:00,2017-09-26 00:00:00,hours,Voluntarily Terminated,Production       ,Amy Dunn,11,Indeed,Fully Meets,3.08,4,0,2017-04-01 00:00:00,0,18
"Mancuso, Karen",10073,1,1,0,5,5,3,0,68407,1,20,Production Technician II,MA,02176,1986-12-10 00:00:00,F,US Citizen,No,Two or more races,2011-07-05 00:00:00,2012-08-19 00:00:00,Another position,Voluntarily Terminated,Production       ,Amy Dunn,11,LinkedIn,Fully Meets,5,4,0,2012-07-02 00:00:00,0,16
"Ndzi, Horia",10185,1,1,1,5,5,3,0,46664,1,19,Production Technician I,MA,02421,1983-03-28 00:00:00,M ,US Citizen,No,White,2013-04-01 00:00:00,2016-05-25 00:00:00,more money,Voluntarily Terminated,Production       ,Amy Dunn,11,Employee Referral,Fully Meets,3.18,3,0,2016-03-06 00:00:00,0,10
"Pelletier, Ermine",10297,1,1,0,5,5,2,0,60270,1,20,Production Technician II,MA,02472,1989-07-18 00:00:00,F,US Citizen,No,Asian,2011-07-05 00:00:00,2015-09-15 00:00:00,unhappy,Voluntarily Terminated,Production       ,Amy Dunn,11,CareerBuilder,Needs Improvement,2.4,5,0,2015-02-06 00:00:00,5,2
"Perry, Shakira",10171,0,0,0,5,5,3,0,45998,1,19,Production Technician I,MA,02176,1986-07-20 00:00:00,F,US Citizen,No,White,2011-05-16 00:00:00,2015-10-25 00:00:00,medical issues,Voluntarily Terminated,Production       ,Amy Dunn,11,LinkedIn,Fully Meets,3.45,4,0,2014-05-13 00:00:00,0,5
"Robinson, Alain  ",10047,1,1,1,5,5,3,0,50428,1,19,Production Technician I,MA,01420,1974-01-07 00:00:00,M ,US Citizen,No,Black or African American,2011-01-10 00:00:00,2016-01-26 00:00:00,attendance,Voluntarily Terminated,Production       ,Amy Dunn,11,Indeed,Fully Meets,5,3,0,2015-01-10 00:00:00,0,11
"Shields, Seffi",10091,1,1,0,1,5,3,0,52087,0,19,Production Technician I,MA,02149,1985-08-24 00:00:00,F,US Citizen,No,White,2013-08-19 00:00:00,NULL,N/A-StillEmployed,Active,Production       ,Amy Dunn,11,LinkedIn,Fully Meets,4.81,4,0,2019-02-15 00:00:00,0,15
"Theamstern, Sophia",10141,0,0,0,5,5,3,0,48413,1,19,Production Technician I,MA,02066,1965-05-09 00:00:00,F,US Citizen,No,White,2011-07-05 00:00:00,2016-09-05 00:00:00,return to school,Voluntarily Terminated,Production       ,Amy Dunn,11,Indeed,Fully Meets,3.98,4,0,2016-03-02 00:00:00,0,1
"Trzeciak, Cybil",10270,0,0,0,5,5,3,0,74813,1,20,Production Technician II,MA,01778,1985-03-15 00:00:00,F,US Citizen,No,White,2011-01-10 00:00:00,2014-07-02 00:00:00,unhappy,Voluntarily Terminated,Production       ,Amy Dunn,11,LinkedIn,Fully Meets,4.4,3,0,2014-01-05 00:00:00,0,5
"Wilber, Barry",10048,1,1,1,5,5,3,0,55140,1,19,Production Technician I,MA,02324,1965-09-09 00:00:00,M ,Eligible NonCitizen,No,White,2011-05-16 00:00:00,2015-09-07 00:00:00,unhappy,Voluntarily Terminated,Production       ,Amy Dunn,11,Website,Fully Meets,5,3,0,2015-02-15 00:00:00,0,7
"Bachiochi, Linda",10114,0,0,0,3,5,3,1,47837,0,19,Production Technician I,MA,01902,1970-02-11 00:00:00,F,US Citizen,No,Black or African American,2009-07-06 00:00:00,NULL,N/A-StillEmployed,Active,Production       ,Brannon Miller,12,Diversity Job Fair,Fully Meets,4.46,3,0,2019-01-25 00:00:00,0,4
"Billis, Helen",10003,1,1,0,1,5,4,0,62910,0,19,Production Technician I,MA,02031,1989-09-01 00:00:00,F,US Citizen,No,White,2014-07-07 00:00:00,NULL,N/A-StillEmployed,Active,Production       ,Brannon Miller,12,Indeed,Exceeds,5,3,0,2019-02-27 00:00:00,0,19
"Cloninger, Jennifer",10275,1,1,0,5,5,3,0,64066,1,20,Production Technician II,MA,01752,1981-08-31 00:00:00,F,US Citizen,No,White,2011-05-16 00:00:00,2013-01-07 00:00:00,unhappy,Voluntarily Terminated,Production       ,Brannon Miller,12,Google Search,Fully Meets,4.2,5,0,2012-05-03 00:00:00,0,9
"Clukey, Elijian",10029,1,1,1,2,5,4,0,50373,0,19,Production Technician I,MA,02134,1980-08-26 00:00:00,M ,US Citizen,No,White,2016-07-06 00:00:00,NULL,N/A-StillEmployed,Active,Production       ,Brannon Miller,12,Employee Referral,Exceeds,4.1,4,0,2019-02-28 00:00:00,0,5
"Dee, Randy",10311,1,1,1,1,6,1,0,56991,0,19,Production Technician I,MA,02138,1988-04-15 00:00:00,M ,US Citizen,No,White,2018-07-09 00:00:00,NULL,N/A-StillEmployed,Active,Production       ,Brannon Miller,12,Indeed,Fully Meets,4.3,4,3,2019-01-31 00:00:00,2,2
"DiNocco, Lily ",10284,1,1,0,1,5,2,0,61584,0,19,Production Technician I,MA,02351,1978-12-02 00:00:00,F,US Citizen,No,Black or African American,2013-01-07 00:00:00,NULL,N/A-StillEmployed,Active,Production       ,Brannon Miller,12,Indeed,Needs Improvement,3.88,4,0,2019-01-18 00:00:00,0,6
"Fidelia,  Libby",10049,1,1,0,1,5,3,0,58530,0,19,Production Technician I,MA,02155,1981-03-16 00:00:00,F,US Citizen,No,White,2012-01-09 00:00:00,NULL,N/A-StillEmployed,Active,Production       ,Brannon Miller,12,Google Search,Fully Meets,5,5,0,2019-01-29 00:00:00,0,19
"Gonzalez, Cayo",10031,0,2,1,1,5,4,1,59892,0,19,Production Technician I,MA,02108,1969-09-29 00:00:00,M ,US Citizen,No,Black or African American,2011-07-11 00:00:00,NULL,N/A-StillEmployed,Active,Production       ,Brannon Miller,12,Diversity Job Fair,Exceeds,4.5,4,0,2019-02-18 00:00:00,0,1
"Gonzalez, Juan",10300,1,1,1,5,5,1,1,68898,1,20,Production Technician II,MA,02128,1964-10-12 00:00:00,M ,US Citizen,No,Black or African American,2010-04-26 00:00:00,2011-05-30 00:00:00,career change,Voluntarily Terminated,Production       ,Brannon Miller,12,Diversity Job Fair,PIP,3,3,0,2011-03-06 00:00:00,3,10
"Ivey, Rose ",10139,0,0,0,1,5,3,0,51908,0,19,Production Technician I,MA,01775,1991-01-28 00:00:00,F,US Citizen,No,White,2013-08-19 00:00:00,NULL,N/A-StillEmployed,Active,Production       ,Brannon Miller,12,Indeed,Fully Meets,3.99,3,0,2019-01-14 00:00:00,0,14
"Johnston, Yen",10036,0,0,0,1,5,4,0,63322,0,20,Production Technician II,MA,02128,1969-09-08 00:00:00,F,US Citizen,No,White,2014-07-07 00:00:00,NULL,N/A-StillEmployed,Active,Production       ,Brannon Miller,12,LinkedIn,Exceeds,4.3,3,0,2019-01-11 00:00:00,0,1
"Kretschmer, John",10176,1,1,1,1,5,3,0,63973,0,19,Production Technician I,MA,01801,1980-02-02 00:00:00,M ,US Citizen,No,Asian,2011-01-10 00:00:00,NULL,N/A-StillEmployed,Active,Production       ,Brannon Miller,12,Indeed,Fully Meets,3.38,3,0,2019-01-21 00:00:00,0,17
"Mangal, Debbie",10279,1,1,0,1,5,3,0,61349,0,19,Production Technician I,MA,02451,1974-11-07 00:00:00,F,US Citizen,No,White,2013-11-11 00:00:00,NULL,N/A-StillEmployed,Active,Production       ,Brannon Miller,12,LinkedIn,Fully Meets,4.1,3,0,2019-01-22 00:00:00,0,11
"Miller, Ned",10298,0,0,1,5,5,1,0,55800,1,20,Production Technician II,MA,02472,1985-06-29 00:00:00,M ,US Citizen,No,White,2011-08-15 00:00:00,2014-09-04 00:00:00,unhappy,Voluntarily Terminated,Production       ,Brannon Miller,12,LinkedIn,PIP,3,2,0,2013-01-14 00:00:00,6,6
"Ngodup, Shari ",10037,0,3,0,1,5,4,1,52984,0,19,Production Technician I,MA,01810,1967-06-03 00:00:00,F,US Citizen,No,Black or African American,2013-04-01 00:00:00,NULL,N/A-StillEmployed,Active,Production       ,Brannon Miller,12,Diversity Job Fair,Exceeds,4,3,0,2019-02-13 00:00:00,0,12
"Petingill, Shana  ",10217,1,1,0,1,5,3,0,74226,0,20,Production Technician II,MA,02050,1979-03-10 00:00:00,F,Eligible NonCitizen,No,Asian,2012-04-02 00:00:00,NULL,N/A-StillEmployed,Active,Production       ,Brannon Miller,12,LinkedIn,Fully Meets,4.3,3,0,2019-01-14 00:00:00,0,14
"Pham, Hong",10050,1,1,1,5,5,3,0,64724,1,19,Production Technician I,MA,02451,1988-03-06 00:00:00,M ,US Citizen,No,Asian,2011-07-05 00:00:00,2012-11-30 00:00:00,more money,Voluntarily Terminated,Production       ,Brannon Miller,12,Google Search,Fully Meets,5,3,0,2012-02-20 00:00:00,0,13
"Robinson, Elias",10020,0,4,1,1,5,4,0,63353,0,19,Production Technician I,MA,01730,1985-01-28 00:00:00,M ,US Citizen,No,White,2013-07-08 00:00:00,NULL,N/A-StillEmployed,Active,Production       ,Brannon Miller,12,Employee Referral,Exceeds,3.6,5,0,2019-02-11 00:00:00,0,4
"Sparks, Taylor  ",10302,1,1,0,1,5,1,0,64021,0,19,Production Technician I,MA,02093,1968-07-20 00:00:00,F,US Citizen,No,White,2012-02-20 00:00:00,NULL,N/A-StillEmployed,Active,Production       ,Brannon Miller,12,Indeed,PIP,2.4,2,1,2019-02-25 00:00:00,6,20
"Tippett, Jeanette",10123,0,2,0,1,5,3,0,56339,0,19,Production Technician I,MA,02093,1967-06-05 00:00:00,F,US Citizen,No,Black or African American,2013-02-18 00:00:00,NULL,N/A-StillEmployed,Active,Production       ,Brannon Miller,12,Indeed,Fully Meets,4.21,5,0,2019-01-14 00:00:00,0,4
"Winthrop, Jordan  ",10033,0,0,1,5,5,4,0,70507,1,20,Production Technician II,MA,02045,1958-11-07 00:00:00,M ,US Citizen,No,White,2013-01-07 00:00:00,2016-02-21 00:00:00,retiring,Voluntarily Terminated,Production       ,Brannon Miller,12,LinkedIn,Exceeds,5,3,0,2016-01-19 00:00:00,0,7
"Ybarra, Catherine ",10301,0,0,0,5,5,1,0,48513,1,19,Production Technician I,MA,02458,1982-05-04 00:00:00,F,US Citizen,No,Asian,2008-09-02 00:00:00,2015-09-29 00:00:00,Another position,Voluntarily Terminated,Production       ,Brannon Miller,12,Google Search,PIP,3.2,2,0,2015-09-02 00:00:00,5,4
"DeVito, Tommy",10197,0,0,1,1,3,3,0,96820,0,4,BI Developer,MA,02045,1983-09-04 00:00:00,M ,US Citizen,No,White,2017-02-15 00:00:00,NULL,N/A-StillEmployed,Active,IT/IS,Brian Champaigne,13,Indeed,Fully Meets,3.01,5,7,2019-01-23 00:00:00,0,15
"Gruber, Hans",10234,1,1,1,1,3,3,0,99020,0,4,BI Developer,MA,02134,1989-06-30 00:00:00,M ,US Citizen,No,Black or African American,2017-04-20 00:00:00,NULL,N/A-StillEmployed,Active,IT/IS,Brian Champaigne,13,Indeed,Fully Meets,4.2,5,5,2019-01-28 00:00:00,0,8
"Le, Binh",10232,0,0,0,1,3,3,0,81584,0,22,Senior BI Developer,MA,01886,1987-06-14 00:00:00,F,US Citizen,No,Asian,2016-10-02 00:00:00,NULL,N/A-StillEmployed,Active,IT/IS,Brian Champaigne,13,Indeed,Fully Meets,4.1,5,7,2019-01-08 00:00:00,0,2
"Navathe, Kurt",10079,0,0,1,1,3,3,0,87921,0,22,Senior BI Developer,MA,02056,1970-04-25 00:00:00,M ,US Citizen,No,Asian,2017-02-10 00:00:00,NULL,N/A-StillEmployed,Active,IT/IS,Brian Champaigne,13,Indeed,Fully Meets,5,3,6,2019-02-25 00:00:00,0,17
"Rachael, Maggie",10239,1,1,0,1,3,3,0,95920,0,4,BI Developer,MA,02110,1980-05-12 00:00:00,F,US Citizen,No,Black or African American,2016-10-02 00:00:00,NULL,N/A-StillEmployed,Active,IT/IS,Brian Champaigne,13,Indeed,Fully Meets,4.4,4,6,2019-02-06 00:00:00,0,10
"Roper, Katie",10086,0,0,0,1,3,3,0,150290,0,7,Data Architect,MA,02056,1972-11-21 00:00:00,F,US Citizen,No,Black or African American,2017-01-07 00:00:00,NULL,N/A-StillEmployed,Active,IT/IS,Brian Champaigne,13,Indeed,Fully Meets,4.94,3,5,2019-02-06 00:00:00,0,17
"Tannen, Biff",10173,1,1,1,1,3,3,0,90100,0,4,BI Developer,MA,02134,1987-10-24 00:00:00,M ,US Citizen,No,White,2017-04-20 00:00:00,NULL,N/A-StillEmployed,Active,IT/IS,Brian Champaigne,13,Indeed,Fully Meets,3.4,3,6,2019-01-02 00:00:00,0,14
"Wang, Charlie",10172,0,0,1,1,3,3,0,84903,0,22,Senior BI Developer,MA,01887,1981-07-08 00:00:00,M ,US Citizen,No,Asian,2017-02-15 00:00:00,NULL,N/A-StillEmployed,Active,IT/IS,Brian Champaigne,13,Indeed,Fully Meets,3.42,4,7,2019-01-04 00:00:00,0,17
"Baczenski, Rachael  ",10252,1,1,0,5,5,3,1,54670,1,19,Production Technician I,MA,01902,1974-01-12 00:00:00,F,US Citizen,Yes,Black or African American,2011-01-10 00:00:00,2017-01-12 00:00:00,Another position,Voluntarily Terminated,Production       ,David Stanley,14,Diversity Job Fair,Fully Meets,4.2,4,0,2016-01-30 00:00:00,0,12
"Brill, Donna",10177,1,1,0,5,5,3,0,53492,1,19,Production Technician I,MA,01701,1990-08-24 00:00:00,F,US Citizen,No,White,2012-04-02 00:00:00,2013-06-15 00:00:00,Another position,Voluntarily Terminated,Production       ,David Stanley,14,Google Search,Fully Meets,3.35,4,0,2013-03-04 00:00:00,0,6
"Close, Phil",10269,1,1,1,5,5,3,0,59369,1,20,Production Technician II,MA,02169,1978-11-25 00:00:00,M ,US Citizen,No,White,2010-08-30 00:00:00,2011-09-26 00:00:00,career change,Voluntarily Terminated,Production       ,David Stanley,14,Indeed,Fully Meets,4.2,4,0,2011-05-04 00:00:00,0,6
"Cockel, James",10261,0,0,1,1,5,3,0,63108,0,19,Production Technician I,MA,02452,1977-09-08 00:00:00,M ,US Citizen,No,White,2013-07-08 00:00:00,NULL,N/A-StillEmployed,Active,Production       ,David Stanley,14,Employee Referral,Fully Meets,4.4,5,0,2019-01-14 00:00:00,0,3
"Dobrin, Denisa  S",10207,0,0,0,1,5,3,0,46335,0,19,Production Technician I,MA,02125,1986-10-07 00:00:00,F,US Citizen,Yes,White,2012-04-02 00:00:00,NULL,N/A-StillEmployed,Active,Production       ,David Stanley,14,CareerBuilder,Fully Meets,3.4,5,0,2019-02-19 00:00:00,0,15
"Garcia, Raul",10111,0,0,1,1,5,3,0,52249,0,19,Production Technician I,MA,01905,1985-09-15 00:00:00,M ,US Citizen,Yes,White,2015-03-30 00:00:00,NULL,N/A-StillEmployed,Active,Production       ,David Stanley,14,Employee Referral,Fully Meets,4.5,3,0,2019-02-18 00:00:00,0,5
"Good, Susan",10237,1,1,0,3,5,3,0,66825,0,20,Production Technician II,MA,01886,1986-05-25 00:00:00,F,US Citizen,No,White,2014-05-12 00:00:00,NULL,N/A-StillEmployed,Active,Production       ,David Stanley,14,LinkedIn,Fully Meets,4.6,3,0,2019-02-07 00:00:00,0,20
"Gordon, David",10051,1,1,1,1,5,3,0,48285,0,19,Production Technician I,MA,02169,1979-05-21 00:00:00,M ,US Citizen,No,White,2012-07-02 00:00:00,NULL,N/A-StillEmployed,Active,Production       ,David Stanley,14,LinkedIn,Fully Meets,5,3,0,2019-01-14 00:00:00,0,2
"Jackson, Maryellen",10227,0,0,0,1,5,3,0,61242,0,19,Production Technician I,MA,02081,1972-09-11 00:00:00,F,US Citizen,No,Black or African American,2012-11-05 00:00:00,NULL,N/A-StillEmployed,Active,Production       ,David Stanley,14,LinkedIn,Fully Meets,4.1,3,0,2019-01-17 00:00:00,0,7
"Langford, Lindsey",10106,0,2,0,5,5,3,0,66074,1,20,Production Technician II,MA,02090,1979-07-25 00:00:00,F,US Citizen,No,Asian,2013-01-07 00:00:00,2014-03-31 00:00:00,Another position,Voluntarily Terminated,Production       ,David Stanley,14,Indeed,Fully Meets,4.52,3,0,2014-02-20 00:00:00,0,20
"Langton, Enrico",10052,1,1,1,1,5,3,0,46120,0,19,Production Technician I,MA,02048,1986-12-09 00:00:00,M ,US Citizen,No,White,2012-07-09 00:00:00,NULL,N/A-StillEmployed,Active,Production       ,David Stanley,14,LinkedIn,Fully Meets,5,5,0,2019-02-04 00:00:00,0,13
"Maurice, Shana",10053,1,1,0,1,5,3,0,54132,0,19,Production Technician I,MA,02330,1977-11-22 00:00:00,F,US Citizen,No,White,2011-05-31 00:00:00,NULL,N/A-StillEmployed,Active,Production       ,David Stanley,14,Indeed,Fully Meets,5,4,0,2019-01-10 00:00:00,0,8
"Monkfish, Erasumus",10213,1,1,1,1,5,3,0,58207,0,20,Production Technician II,MA,01450,1992-08-17 00:00:00,M ,US Citizen,No,White,2011-11-07 00:00:00,NULL,N/A-StillEmployed,Active,Production       ,David Stanley,14,LinkedIn,Fully Meets,3.7,3,0,2019-01-08 00:00:00,0,14
"Nguyen, Lei-Ming",10206,0,0,0,1,5,3,0,62061,0,19,Production Technician I,MA,02132,1984-07-07 00:00:00,F,US Citizen,No,White,2013-07-08 00:00:00,NULL,N/A-StillEmployed,Active,Production       ,David Stanley,14,LinkedIn,Fully Meets,3.6,5,0,2019-01-02 00:00:00,0,4
"Pitt, Brad ",10164,0,0,1,1,5,3,0,47001,0,19,Production Technician I,MA,02451,1981-11-23 00:00:00,M ,US Citizen,No,White,2007-11-05 00:00:00,NULL,N/A-StillEmployed,Active,Production       ,David Stanley,14,Google Search,Fully Meets,3.66,3,0,2019-02-25 00:00:00,0,15
"Roberson, May",10230,0,2,0,5,5,3,0,64971,1,20,Production Technician II,MA,01902,1981-09-05 00:00:00,F,Eligible NonCitizen,No,Black or African American,2011-09-26 00:00:00,2011-10-22 00:00:00,return to school,Voluntarily Terminated,Production       ,David Stanley,14,Google Search,Fully Meets,4.5,4,0,2011-10-22 00:00:00,0,10
"Rose, Ashley  ",10054,0,3,0,1,5,3,0,60627,0,19,Production Technician I,MA,01886,1974-12-05 00:00:00,F,US Citizen,No,White,2014-01-06 00:00:00,NULL,N/A-StillEmployed,Active,Production       ,David Stanley,14,Website,Fully Meets,5,4,0,2019-01-31 00:00:00,0,8
"Squatrito, Kristen",10030,0,2,0,5,5,4,0,62425,1,19,Production Technician I,MA,02359,1973-03-26 00:00:00,F,US Citizen,No,White,2013-05-13 00:00:00,2015-06-29 00:00:00,unhappy,Voluntarily Terminated,Production       ,David Stanley,14,LinkedIn,Exceeds,4.1,4,0,2015-03-02 00:00:00,0,16
"Trang, Mei",10287,0,0,0,1,5,2,0,63025,0,19,Production Technician I,MA,02021,1983-05-16 00:00:00,F,US Citizen,No,White,2014-02-17 00:00:00,NULL,N/A-StillEmployed,Active,Production       ,David Stanley,14,LinkedIn,Needs Improvement,2.44,5,0,2019-02-11 00:00:00,4,18
"Wolk, Hang  T",10174,0,0,0,1,5,3,0,60446,0,20,Production Technician II,MA,02302,1985-04-20 00:00:00,F,US Citizen,No,White,2014-09-29 00:00:00,NULL,N/A-StillEmployed,Active,Production       ,David Stanley,14,LinkedIn,Fully Meets,3.4,4,0,2019-02-21 00:00:00,0,14
"Zima, Colleen",10271,0,4,0,1,5,3,0,45046,0,19,Production Technician I,MA,01730,1978-08-17 00:00:00,F,US Citizen,No,Asian,2014-09-29 00:00:00,NULL,N/A-StillEmployed,Active,Production       ,David Stanley,14,LinkedIn,Fully Meets,4.5,5,0,2019-01-30 00:00:00,0,2
"Daneault, Lynn",10099,0,0,0,1,6,3,0,65729,0,21,Sales Manager,VT,05473,1990-04-19 00:00:00,F,US Citizen,No,White,2014-05-05 00:00:00,NULL,N/A-StillEmployed,Active,Sales,Debra Houlihan,15,Indeed,Fully Meets,4.62,4,0,2019-01-24 00:00:00,0,8
"Kampew, Donysha",10244,0,0,0,5,6,3,0,68999,1,21,Sales Manager,PA,19444,1989-11-11 00:00:00,F,US Citizen,No,White,2011-11-07 00:00:00,2014-04-24 00:00:00,maternity leave - did not return,Voluntarily Terminated,Sales,Debra Houlihan,15,Google Search,Fully Meets,4.5,5,0,2013-03-30 00:00:00,0,2
"Smith, John",10291,0,2,1,1,6,2,1,72992,0,21,Sales Manager,MA,01886,1984-08-16 00:00:00,M ,US Citizen,No,Black or African American,2014-05-18 00:00:00,NULL,N/A-StillEmployed,Active,Sales,Debra Houlihan,15,Diversity Job Fair,Needs Improvement,2.4,4,0,2019-01-16 00:00:00,2,16
"Alagbe,Trina",10088,1,1,0,1,5,3,0,64991,0,19,Production Technician I,MA,01886,1988-09-27 00:00:00,F,US Citizen,No,White,2008-01-07 00:00:00,NULL,N/A-StillEmployed,Active,Production       ,Elijiah Gray,16,Indeed,Fully Meets,4.84,5,0,2019-01-03 00:00:00,0,15
"Beatrice, Courtney ",10055,0,0,0,1,5,3,0,59026,0,19,Production Technician I,MA,01915,1970-10-27 00:00:00,F,Eligible NonCitizen,No,White,2011-04-04 00:00:00,NULL,N/A-StillEmployed,Active,Production       ,Elijiah Gray,16,Google Search,Fully Meets,5,5,0,2019-01-14 00:00:00,0,12
"Bondwell, Betsy",10267,0,0,0,5,5,3,0,57815,1,20,Production Technician II,MA,02210,1967-01-16 00:00:00,F,US Citizen,No,White,2011-01-10 00:00:00,2014-04-04 00:00:00,career change,Voluntarily Terminated,Production       ,Elijiah Gray,16,Google Search,Fully Meets,4.8,5,0,2014-03-04 00:00:00,0,5
"Chan, Lin",10210,0,0,0,1,5,3,0,54237,0,19,Production Technician I,MA,02170,1979-02-12 00:00:00,F,US Citizen,No,White,2014-05-12 00:00:00,NULL,N/A-StillEmployed,Active,Production       ,Elijiah Gray,16,Indeed,Fully Meets,3.3,4,0,2019-02-19 00:00:00,0,11
"Darson, Jene'ya ",10056,1,1,0,1,5,3,0,57583,0,19,Production Technician I,MA,02110,1978-11-05 00:00:00,F,US Citizen,No,White,2012-07-02 00:00:00,NULL,N/A-StillEmployed,Active,Production       ,Elijiah Gray,16,Indeed,Fully Meets,5,3,0,2019-02-25 00:00:00,0,1
"Evensen, April",10296,0,0,0,4,5,2,0,59124,1,19,Production Technician I,MA,02458,1989-05-06 00:00:00,F,US Citizen,No,White,2014-02-17 00:00:00,2018-02-25 00:00:00,"no-call, no-show",Terminated for Cause,Production       ,Elijiah Gray,16,Google Search,Needs Improvement,2.3,3,0,2017-01-15 00:00:00,5,19
"Faller, Megan ",10263,1,1,0,1,5,3,0,71776,0,20,Production Technician II,MA,01824,1978-09-22 00:00:00,F,US Citizen,No,Black or African American,2014-07-07 00:00:00,NULL,N/A-StillEmployed,Active,Production       ,Elijiah Gray,16,LinkedIn,Fully Meets,4.4,5,0,2019-02-22 00:00:00,0,17
"Gerke, Melisa",10122,0,2,0,5,5,3,1,51505,1,19,Production Technician I,MA,02330,1970-05-15 00:00:00,F,US Citizen,No,Black or African American,2011-11-07 00:00:00,2016-11-15 00:00:00,hours,Voluntarily Terminated,Production       ,Elijiah Gray,16,Diversity Job Fair,Fully Meets,4.24,4,0,2016-04-29 00:00:00,0,2
"Hunts, Julissa",10201,0,0,0,2,5,3,0,69340,0,20,Production Technician II,MA,02021,1984-03-11 00:00:00,F,US Citizen,No,White,2016-06-06 00:00:00,NULL,N/A-StillEmployed,Active,Production       ,Elijiah Gray,16,LinkedIn,Fully Meets,3,5,0,2019-01-18 00:00:00,0,4
"Jung, Judy  ",10138,1,1,0,5,5,3,0,61154,1,19,Production Technician I,MA,02446,1986-04-17 00:00:00,F,US Citizen,No,Black or African American,2011-01-10 00:00:00,2016-04-01 00:00:00,unhappy,Voluntarily Terminated,Production       ,Elijiah Gray,16,CareerBuilder,Fully Meets,4,4,0,2016-02-03 00:00:00,0,4
"Lecter, Hannibal",10251,1,1,1,1,5,3,0,64738,0,19,Production Technician I,MA,01776,1982-09-02 00:00:00,M ,US Citizen,No,Asian,2012-05-14 00:00:00,NULL,N/A-StillEmployed,Active,Production       ,Elijiah Gray,16,Google Search,Fully Meets,4.1,3,0,2019-02-22 00:00:00,0,10
"Lunquist, Lisa",10035,0,0,0,1,5,4,0,73330,0,20,Production Technician II,MA,02324,1982-03-28 00:00:00,F,US Citizen,No,Black or African American,2013-08-19 00:00:00,NULL,N/A-StillEmployed,Active,Production       ,Elijiah Gray,16,Indeed,Exceeds,4.2,4,0,2019-02-12 00:00:00,0,19
"Lydon, Allison",10057,1,1,0,3,5,3,0,52057,0,19,Production Technician I,MA,02122,1975-10-22 00:00:00,F,US Citizen,No,Black or African American,2015-02-16 00:00:00,NULL,N/A-StillEmployed,Active,Production       ,Elijiah Gray,16,Website,Fully Meets,5,3,0,2019-01-23 00:00:00,0,6
"Motlagh,  Dawn",10254,0,2,0,1,5,3,0,63430,0,19,Production Technician I,MA,02453,1984-07-07 00:00:00,F,US Citizen,No,White,2013-04-01 00:00:00,NULL,N/A-StillEmployed,Active,Production       ,Elijiah Gray,16,LinkedIn,Fully Meets,4.4,4,0,2019-01-17 00:00:00,0,18
"Nowlan, Kristie",10104,0,0,0,1,5,3,0,66738,0,20,Production Technician II,MA,01040,1985-11-23 00:00:00,F,US Citizen,No,White,2014-11-10 00:00:00,NULL,N/A-StillEmployed,Active,Production       ,Elijiah Gray,16,Indeed,Fully Meets,4.53,5,0,2019-01-16 00:00:00,0,5
"Panjwani, Nina",10148,1,1,0,5,5,3,0,63515,1,19,Production Technician I,MA,02351,1979-05-01 00:00:00,F,US Citizen,No,White,2011-02-07 00:00:00,2014-01-12 00:00:00,Another position,Voluntarily Terminated,Production       ,Elijiah Gray,16,Google Search,Fully Meets,3.89,4,0,2013-03-04 00:00:00,0,7
"Rhoads, Thomas",10058,0,2,1,5,5,3,0,45115,1,19,Production Technician I,MA,02176,1982-07-22 00:00:00,M ,US Citizen,Yes,White,2011-05-16 00:00:00,2016-01-15 00:00:00,retiring,Voluntarily Terminated,Production       ,Elijiah Gray,16,LinkedIn,Fully Meets,5,4,0,2015-03-30 00:00:00,0,11
"Sander, Kamrin",10169,1,1,0,1,5,3,0,56147,0,19,Production Technician I,MA,02154,1988-07-10 00:00:00,F,US Citizen,No,Black or African American,2014-09-29 00:00:00,NULL,N/A-StillEmployed,Active,Production       ,Elijiah Gray,16,LinkedIn,Fully Meets,3.51,3,0,2019-02-18 00:00:00,0,2
"Smith, Joe",10027,0,0,1,1,5,4,0,60656,0,20,Production Technician II,MA,02045,1963-10-30 00:00:00,M ,US Citizen,No,White,2014-09-29 00:00:00,NULL,N/A-StillEmployed,Active,Production       ,Elijiah Gray,16,Indeed,Exceeds,4.3,3,0,2019-01-28 00:00:00,0,4
"Sutwell, Barbara",10209,0,0,0,1,5,3,0,59238,0,19,Production Technician I,MA,02718,1968-08-15 00:00:00,F,Eligible NonCitizen,No,Asian,2012-05-14 00:00:00,NULL,N/A-StillEmployed,Active,Production       ,Elijiah Gray,16,Indeed,Fully Meets,3.4,5,0,2019-01-31 00:00:00,0,13
"Tejeda, Lenora ",10146,1,1,0,5,5,3,0,72202,1,20,Production Technician II,MA,02129,1953-05-24 00:00:00,F,US Citizen,No,White,2011-05-16 00:00:00,2017-07-08 00:00:00,Another position,Voluntarily Terminated,Production       ,Elijiah Gray,16,Google Search,Fully Meets,3.93,3,0,2017-04-18 00:00:00,0,3
"Wallace, Theresa",10293,0,0,0,5,5,2,0,50274,1,19,Production Technician I,MA,01887,1980-08-02 00:00:00,F,US Citizen,No,White,2012-08-13 00:00:00,2015-09-01 00:00:00,career change,Voluntarily Terminated,Production       ,Elijiah Gray,16,CareerBuilder,Needs Improvement,2.5,3,0,2014-09-05 00:00:00,6,13
"Bunbury, Jessica",10188,1,1,0,5,6,3,0,74326,1,3,Area Sales Manager,VA,21851,1964-06-01 00:00:00,F,Eligible NonCitizen,No,Black or African American,2011-08-15 00:00:00,2014-08-02 00:00:00,Another position,Voluntarily Terminated,Sales,John Smith,17,Google Search,Fully Meets,3.14,5,0,2013-02-10 00:00:00,1,19
"Carter, Michelle ",10040,0,0,0,1,6,3,0,71860,0,3,Area Sales Manager,VT,05664,1963-05-15 00:00:00,F,US Citizen,No,White,2014-08-18 00:00:00,NULL,N/A-StillEmployed,Active,Sales,John Smith,17,Indeed,Fully Meets,5,5,0,2019-01-21 00:00:00,0,7
"Delarge, Alex",10306,0,0,1,1,6,1,0,61568,0,3,Area Sales Manager,AL,36006,1975-11-02 00:00:00,M ,US Citizen,No,Two or more races,2014-09-29 00:00:00,NULL,N/A-StillEmployed,Active,Sales,John Smith,17,Indeed,PIP,1.93,3,0,2019-01-30 00:00:00,6,5
"Dietrich, Jenna  ",10304,0,0,0,1,6,1,0,59231,0,3,Area Sales Manager,WA,98052,1987-05-14 00:00:00,F,US Citizen,Yes,White,2012-02-20 00:00:00,NULL,N/A-StillEmployed,Active,Sales,John Smith,17,Website,PIP,2.3,1,0,2019-01-29 00:00:00,2,17
"Gill, Whitney  ",10142,0,4,0,4,6,3,0,59370,1,3,Area Sales Manager,OH,43050,1971-07-10 00:00:00,F,US Citizen,No,Black or African American,2014-07-07 00:00:00,2015-09-05 00:00:00,attendance,Terminated for Cause,Sales,John Smith,17,CareerBuilder,Fully Meets,3.97,4,0,2014-01-15 00:00:00,0,7
"Guilianno, Mike",10109,0,0,1,5,6,3,0,71707,1,3,Area Sales Manager,TN,37129,1969-02-09 00:00:00,M ,US Citizen,No,Two or more races,2012-03-07 00:00:00,2014-10-31 00:00:00,relocation out of area,Voluntarily Terminated,Sales,John Smith,17,LinkedIn,Fully Meets,4.5,5,0,2013-02-01 00:00:00,0,20
"Hitchcock, Alfred",10167,1,1,1,1,6,3,0,70545,0,3,Area Sales Manager,NH,03062,1988-09-14 00:00:00,M ,US Citizen,No,American Indian or Alaska Native,2014-08-18 00:00:00,NULL,N/A-StillEmployed,Active,Sales,John Smith,17,Indeed,Fully Meets,3.6,5,0,2019-01-30 00:00:00,0,9
"Kreuger, Freddy",10165,0,0,1,1,6,3,1,71339,0,3,Area Sales Manager,NY,10171,1969-02-24 00:00:00,M ,US Citizen,Yes,Black or African American,2011-03-07 00:00:00,NULL,N/A-StillEmployed,Active,Sales,John Smith,17,Diversity Job Fair,Fully Meets,3.65,5,0,2019-01-17 00:00:00,0,20
"Leruth, Giovanni",10103,0,3,1,1,6,3,0,70468,0,3,Area Sales Manager,UT,84111,1988-12-27 00:00:00,M ,US Citizen,No,Black or African American,2012-04-30 00:00:00,NULL,N/A-StillEmployed,Active,Sales,John Smith,17,Website,Fully Meets,4.53,3,0,2019-01-29 00:00:00,0,16
"Ozark, Travis",10041,0,0,1,1,6,3,0,68829,0,3,Area Sales Manager,NC,27229,1982-05-19 00:00:00,M ,US Citizen,No,White,2015-01-05 00:00:00,NULL,N/A-StillEmployed,Active,Sales,John Smith,17,Website,Fully Meets,5,5,0,2019-01-14 00:00:00,0,18
"Ren, Kylo",10140,1,1,1,1,6,3,0,61809,0,3,Area Sales Manager,ID,83706,1954-10-12 00:00:00,M ,US Citizen,No,White,2014-05-12 00:00:00,NULL,N/A-StillEmployed,Active,Sales,John Smith,17,CareerBuilder,Fully Meets,3.98,3,0,2019-01-28 00:00:00,0,4
"Strong, Caitrin",10241,1,1,0,1,6,3,0,60120,0,3,Area Sales Manager,MT,59102,1989-05-12 00:00:00,F,US Citizen,No,Black or African American,2010-09-27 00:00:00,NULL,N/A-StillEmployed,Active,Sales,John Smith,17,Indeed,Fully Meets,4.1,4,0,2019-01-31 00:00:00,0,18
"Valentin,Jackie",10205,1,1,0,1,6,3,0,57859,0,3,Area Sales Manager,AZ,85006,1991-05-23 00:00:00,F,US Citizen,No,Two or more races,2011-07-05 00:00:00,NULL,N/A-StillEmployed,Active,Sales,John Smith,17,Indeed,Fully Meets,2.81,3,0,2019-01-17 00:00:00,0,16
"Villanueva, Noah",10253,0,0,1,1,6,3,0,55875,0,3,Area Sales Manager,ME,04063,1989-07-11 00:00:00,M ,US Citizen,No,Asian,2012-03-05 00:00:00,NULL,N/A-StillEmployed,Active,Sales,John Smith,17,Website,Fully Meets,4.5,4,0,2019-01-18 00:00:00,0,11
"Barone, Francesco  A",10265,0,0,1,1,5,3,0,58709,0,19,Production Technician I,MA,01810,1983-07-20 00:00:00,M ,US Citizen,No,Two or more races,2012-02-20 00:00:00,NULL,N/A-StillEmployed,Active,Production       ,Kelley Spirea,18,Google Search,Fully Meets,4.6,4,0,2019-02-14 00:00:00,0,7
"Bates, Norman",10061,0,0,1,4,5,3,0,57834,1,19,Production Technician I,MA,02050,1981-10-18 00:00:00,M ,US Citizen,No,White,2011-02-21 00:00:00,2017-08-04 00:00:00,attendance,Terminated for Cause,Production       ,Kelley Spirea,18,Google Search,Fully Meets,5,4,0,2017-04-05 00:00:00,0,20
"Beak, Kimberly  ",10023,1,1,0,2,5,4,0,70131,0,20,Production Technician II,MA,02145,1966-04-17 00:00:00,F,US Citizen,No,White,2016-07-21 00:00:00,NULL,N/A-StillEmployed,Active,Production       ,Kelley Spirea,18,Employee Referral,Exceeds,4.4,3,0,2019-01-14 00:00:00,0,16
"Carey, Michael  ",10115,0,0,1,1,5,3,0,52846,0,19,Production Technician I,MA,01701,1983-02-02 00:00:00,M ,US Citizen,No,Black or African American,2014-03-31 00:00:00,NULL,N/A-StillEmployed,Active,Production       ,Kelley Spirea,18,LinkedIn,Fully Meets,4.43,3,0,2019-02-01 00:00:00,0,14
"Cornett, Lisa ",10094,1,1,0,1,5,3,0,63381,0,19,Production Technician I,MA,02189,1977-03-31 00:00:00,F,US Citizen,Yes,White,2015-01-05 00:00:00,NULL,N/A-StillEmployed,Active,Production       ,Kelley Spirea,18,Indeed,Fully Meets,4.73,5,0,2019-02-14 00:00:00,0,6
"Demita, Carla",10100,0,3,0,5,5,3,0,58275,1,20,Production Technician II,MA,02343,1951-02-25 00:00:00,F,US Citizen,No,Black or African American,2011-04-04 00:00:00,2015-11-04 00:00:00,more money,Voluntarily Terminated,Production       ,Kelley Spirea,18,Google Search,Fully Meets,4.62,5,0,2015-05-06 00:00:00,0,1
"Engdahl, Jean",10247,0,0,1,1,5,3,0,48888,0,19,Production Technician I,MA,02026,1974-05-31 00:00:00,M ,US Citizen,No,White,2014-11-10 00:00:00,NULL,N/A-StillEmployed,Active,Production       ,Kelley Spirea,18,LinkedIn,Fully Meets,4.7,5,0,2019-02-13 00:00:00,0,8
"England, Rex",10235,1,1,1,1,5,3,0,54285,0,19,Production Technician I,MA,02045,1978-08-25 00:00:00,M ,US Citizen,No,White,2014-03-31 00:00:00,NULL,N/A-StillEmployed,Active,Production       ,Kelley Spirea,18,Employee Referral,Fully Meets,4.2,3,0,2019-01-11 00:00:00,0,3
"Gaul, Barbara",10257,0,0,0,1,5,3,0,53171,0,19,Production Technician I,MA,02121,1983-12-02 00:00:00,F,US Citizen,Yes,Black or African American,2011-05-16 00:00:00,NULL,N/A-StillEmployed,Active,Production       ,Kelley Spirea,18,LinkedIn,Fully Meets,4.2,4,0,2019-02-26 00:00:00,0,12
"Gross, Paula",10059,0,2,0,5,5,3,0,63813,1,19,Production Technician I,MA,02176,1983-05-21 00:00:00,F,US Citizen,No,White,2011-02-21 00:00:00,2014-01-11 00:00:00,more money,Voluntarily Terminated,Production       ,Kelley Spirea,18,CareerBuilder,Fully Meets,5,5,0,2013-06-03 00:00:00,0,17
"Hankard, Earnest",10074,0,0,1,1,5,3,0,64246,0,20,Production Technician II,MA,02155,1988-08-10 00:00:00,M ,US Citizen,Yes,White,2013-11-11 00:00:00,NULL,N/A-StillEmployed,Active,Production       ,Kelley Spirea,18,LinkedIn,Fully Meets,5,3,0,2019-01-08 00:00:00,0,20
"Hendrickson, Trina",10075,0,0,0,5,5,3,0,68099,1,20,Production Technician II,MA,02021,1972-08-27 00:00:00,F,US Citizen,No,White,2011-01-10 00:00:00,2013-06-18 00:00:00,hours,Voluntarily Terminated,Production       ,Kelley Spirea,18,CareerBuilder,Fully Meets,5,3,0,2013-01-30 00:00:00,0,15
"Jhaveri, Sneha  ",10060,0,3,0,1,5,3,0,60436,0,19,Production Technician I,MA,02109,1964-04-13 00:00:00,F,US Citizen,No,White,2014-01-06 00:00:00,NULL,N/A-StillEmployed,Active,Production       ,Kelley Spirea,18,LinkedIn,Fully Meets,5,5,0,2019-01-21 00:00:00,0,9
"Linden, Mathew",10137,1,1,1,3,5,3,0,63450,0,20,Production Technician II,MA,01770,1979-03-19 00:00:00,M ,US Citizen,No,White,2013-07-08 00:00:00,NULL,N/A-StillEmployed,Active,Production       ,Kelley Spirea,18,LinkedIn,Fully Meets,4,3,0,2019-02-18 00:00:00,0,7
"Meads, Elizabeth",10128,0,0,0,5,5,3,1,62659,1,19,Production Technician I,MA,01760,1968-05-30 00:00:00,F,US Citizen,No,Black or African American,2012-04-02 00:00:00,2016-11-11 00:00:00,Another position,Voluntarily Terminated,Production       ,Kelley Spirea,18,Diversity Job Fair,Fully Meets,4.18,4,0,2016-02-05 00:00:00,0,17
"Moran, Patrick",10223,0,0,1,3,5,3,1,72106,0,20,Production Technician II,MA,02127,1976-12-03 00:00:00,M ,US Citizen,No,Black or African American,2012-01-09 00:00:00,NULL,N/A-StillEmployed,Active,Production       ,Kelley Spirea,18,Diversity Job Fair,Fully Meets,4.1,4,0,2019-01-31 00:00:00,0,12
"Osturnka, Adeel",10021,1,1,1,1,5,4,0,47414,0,19,Production Technician I,MA,02478,1976-12-11 00:00:00,M ,US Citizen,No,White,2013-09-30 00:00:00,NULL,N/A-StillEmployed,Active,Production       ,Kelley Spirea,18,LinkedIn,Exceeds,5,3,0,2019-02-07 00:00:00,0,13
"Punjabhi, Louis  ",10225,0,0,1,1,5,3,0,59472,0,19,Production Technician I,MA,02109,1961-06-19 00:00:00,M ,US Citizen,No,White,2014-01-06 00:00:00,NULL,N/A-StillEmployed,Active,Production       ,Kelley Spirea,18,Employee Referral,Fully Meets,4.8,3,0,2019-01-07 00:00:00,0,14
"Saar-Beckles, Melinda",10295,0,0,0,2,5,2,1,47750,0,19,Production Technician I,MA,01801,1968-06-06 00:00:00,F,US Citizen,No,Black or African American,2016-07-04 00:00:00,NULL,N/A-StillEmployed,Active,Production       ,Kelley Spirea,18,Diversity Job Fair,Needs Improvement,2.6,4,0,2019-02-18 00:00:00,5,4
"Sahoo, Adil",10233,1,1,1,1,5,3,0,57975,0,20,Production Technician II,MA,02062,1986-04-26 00:00:00,M ,US Citizen,No,White,2010-08-30 00:00:00,NULL,N/A-StillEmployed,Active,Production       ,Kelley Spirea,18,CareerBuilder,Fully Meets,4.1,3,0,2019-01-10 00:00:00,0,13
"Stoica, Rick",10266,1,1,1,1,5,3,0,61355,0,19,Production Technician I,MA,02301,1985-03-14 00:00:00,M ,US Citizen,No,Asian,2014-02-17 00:00:00,NULL,N/A-StillEmployed,Active,Production       ,Kelley Spirea,18,LinkedIn,Fully Meets,4.7,3,0,2019-01-11 00:00:00,0,4
"Volk, Colleen",10022,1,1,0,4,5,4,0,49773,1,19,Production Technician I,MA,02747,1986-06-03 00:00:00,F,US Citizen,No,White,2011-09-26 00:00:00,2016-02-08 00:00:00,gross misconduct,Terminated for Cause,Production       ,Kelley Spirea,18,Google Search,Exceeds,4.3,5,0,2015-02-01 00:00:00,0,18
"Athwal, Sam",10062,0,4,1,1,5,3,0,59365,0,19,Production Technician I,MA,02199,1983-02-18 00:00:00,M ,US Citizen,No,White,2013-09-30 00:00:00,NULL,N/A-StillEmployed,Active,Production       ,Ketsia Liebig,19,Employee Referral,Fully Meets,5,4,0,2019-02-25 00:00:00,0,19
"Biden, Lowan  M",10226,0,2,0,1,5,3,0,64919,0,19,Production Technician I,MA,02027,1958-12-27 00:00:00,F,US Citizen,No,Asian,2013-08-19 00:00:00,NULL,N/A-StillEmployed,Active,Production       ,Ketsia Liebig,19,Indeed,Fully Meets,4.2,3,0,2019-01-10 00:00:00,0,2
"Burkett, Benjamin ",10181,1,1,1,1,5,3,0,62162,0,20,Production Technician II,MA,01890,1977-08-19 00:00:00,M ,US Citizen,No,White,2011-04-04 00:00:00,NULL,N/A-StillEmployed,Active,Production       ,Ketsia Liebig,19,Indeed,Fully Meets,3.25,5,0,2019-01-14 00:00:00,0,15
"Cierpiszewski, Caroline  ",10168,0,0,0,1,5,3,0,64816,0,19,Production Technician I,MA,02044,1988-05-31 00:00:00,F,Non-Citizen,No,Black or African American,2011-10-03 00:00:00,NULL,N/A-StillEmployed,Active,Production       ,Ketsia Liebig,19,Indeed,Fully Meets,3.58,5,0,2019-01-30 00:00:00,0,3
"Dickinson, Geoff ",10276,0,0,1,1,5,3,0,51259,0,19,Production Technician I,MA,02180,1982-11-15 00:00:00,M ,US Citizen,No,White,2014-05-12 00:00:00,NULL,N/A-StillEmployed,Active,Production       ,Ketsia Liebig,19,Indeed,Fully Meets,4.3,4,0,2019-02-19 00:00:00,0,1
"Dunne, Amy",10211,1,1,0,1,5,3,0,62514,0,19,Production Technician I,MA,01749,1973-09-23 00:00:00,F,US Citizen,No,White,2010-04-26 00:00:00,NULL,N/A-StillEmployed,Active,Production       ,Ketsia Liebig,19,Google Search,Fully Meets,2.9,3,0,2019-01-21 00:00:00,0,6
"Foreman, Tanya",10163,1,1,0,5,5,3,0,55965,1,20,Production Technician II,MA,02170,1983-11-08 00:00:00,F,US Citizen,No,White,2011-04-04 00:00:00,2013-01-09 00:00:00,career change,Voluntarily Terminated,Production       ,Ketsia Liebig,19,Google Search,Fully Meets,3.66,3,0,2012-01-07 00:00:00,0,6
"Gold, Shenice  ",10243,0,0,0,1,5,3,0,53018,0,19,Production Technician I,MA,02451,1992-06-18 00:00:00,F,US Citizen,Yes,White,2013-11-11 00:00:00,NULL,N/A-StillEmployed,Active,Production       ,Ketsia Liebig,19,Indeed,Fully Meets,4.3,5,0,2019-02-18 00:00:00,0,7
"Heitzman, Anthony",10129,0,0,1,1,5,3,0,46998,0,19,Production Technician I,MA,02149,1984-01-04 00:00:00,M ,US Citizen,No,White,2012-08-13 00:00:00,NULL,N/A-StillEmployed,Active,Production       ,Ketsia Liebig,19,Google Search,Fully Meets,4.17,4,0,2019-02-11 00:00:00,0,1
"Hudson, Jane",10248,0,0,0,1,5,3,0,55425,0,19,Production Technician I,MA,02176,1986-06-10 00:00:00,F,US Citizen,No,White,2012-02-20 00:00:00,NULL,N/A-StillEmployed,Active,Production       ,Ketsia Liebig,19,LinkedIn,Fully Meets,4.8,4,0,2019-01-07 00:00:00,0,4
"Jeannite, Tayana",10009,0,2,0,1,5,4,0,60724,0,20,Production Technician II,MA,01821,1986-11-06 00:00:00,F,US Citizen,No,American Indian or Alaska Native,2011-07-05 00:00:00,NULL,N/A-StillEmployed,Active,Production       ,Ketsia Liebig,19,LinkedIn,Exceeds,4.6,4,0,2019-02-25 00:00:00,0,11
"Knapp, Bradley  J",10208,0,0,1,1,5,3,0,46654,0,19,Production Technician I,MA,01721,1977-11-10 00:00:00,M ,US Citizen,No,Black or African American,2014-02-17 00:00:00,NULL,N/A-StillEmployed,Active,Production       ,Ketsia Liebig,19,LinkedIn,Fully Meets,3.1,3,0,2019-02-06 00:00:00,0,3
"Mahoney, Lauren  ",10219,0,0,0,1,5,3,0,45395,0,19,Production Technician I,MA,02189,1986-07-07 00:00:00,F,US Citizen,No,White,2014-01-06 00:00:00,NULL,N/A-StillEmployed,Active,Production       ,Ketsia Liebig,19,LinkedIn,Fully Meets,4.6,4,0,2019-02-26 00:00:00,0,14
"Carthy, B'rigit",10076,0,0,0,1,5,3,0,55315,0,20,Production Technician II,MA,02149,1987-05-21 00:00:00,F,US Citizen,No,Black or African American,2015-03-30 00:00:00,NULL,N/A-StillEmployed,Active,Production       ,Ketsia Liebig,19,LinkedIn,Fully Meets,5,5,0,2019-02-07 00:00:00,0,16
"Newman, Richard ",10063,1,1,1,3,5,3,0,48495,0,19,Production Technician I,MA,02136,1977-04-08 00:00:00,M ,US Citizen,No,White,2014-05-12 00:00:00,NULL,N/A-StillEmployed,Active,Production       ,Ketsia Liebig,19,LinkedIn,Fully Meets,5,5,0,2019-02-18 00:00:00,0,11
"Peters, Lauren",10032,1,1,0,5,5,4,0,57954,1,20,Production Technician II,MA,01886,1986-08-17 00:00:00,F,US Citizen,No,White,2011-05-16 00:00:00,2013-02-04 00:00:00,more money,Voluntarily Terminated,Production       ,Ketsia Liebig,19,Indeed,Exceeds,4.2,5,0,2013-01-10 00:00:00,0,12
"Robinson, Cherly",10285,1,1,0,4,5,2,0,61422,1,19,Production Technician I,MA,01460,1985-01-07 00:00:00,F,US Citizen,No,White,2011-01-10 00:00:00,2016-05-17 00:00:00,attendance,Terminated for Cause,Production       ,Ketsia Liebig,19,Indeed,Needs Improvement,3.6,3,0,2016-04-05 00:00:00,4,16
"Smith, Sade",10157,0,0,0,1,5,3,0,58939,0,19,Production Technician I,MA,02130,1965-02-02 00:00:00,F,US Citizen,No,White,2013-11-11 00:00:00,NULL,N/A-StillEmployed,Active,Production       ,Ketsia Liebig,19,Employee Referral,Fully Meets,3.73,3,0,2019-01-24 00:00:00,0,16
"Walker, Roger",10190,0,0,1,1,5,3,0,66541,0,20,Production Technician II,MA,02459,1976-02-10 00:00:00,M ,US Citizen,No,Black or African American,2014-08-18 00:00:00,NULL,N/A-StillEmployed,Active,Production       ,Ketsia Liebig,19,Employee Referral,Fully Meets,3.11,5,0,2019-02-12 00:00:00,0,4
"Wilkes, Annie",10204,0,2,0,5,5,3,0,58062,1,19,Production Technician I,MA,01876,1983-07-30 00:00:00,F,US Citizen,No,White,2011-01-10 00:00:00,2012-05-14 00:00:00,Another position,Voluntarily Terminated,Production       ,Ketsia Liebig,19,Google Search,Fully Meets,3.6,5,0,2011-02-06 00:00:00,0,9
"Williams, Jacquelyn  ",10264,0,0,0,5,5,3,1,59728,1,19,Production Technician I,MA,02109,1969-10-02 00:00:00,F,US Citizen,Yes,Black or African American,2012-01-09 00:00:00,2015-06-27 00:00:00,relocation out of area,Voluntarily Terminated,Production       ,Ketsia Liebig,19,Diversity Job Fair,Fully Meets,4.3,4,0,2014-06-02 00:00:00,0,16
"Akinkuolie, Sarah",10196,1,1,0,5,5,3,0,64955,1,20,Production Technician II,MA,01810,1988-09-19 00:00:00,F,US Citizen,No,White,2011-07-05 00:00:00,2012-09-24 00:00:00,hours,Voluntarily Terminated,Production       ,Kissy Sullivan,20,LinkedIn,Fully Meets,3.02,3,0,2012-05-15 00:00:00,0,3
"Barbara, Thomas",10242,1,1,1,5,5,3,1,47211,1,19,Production Technician I,MA,02062,1974-02-21 00:00:00,M ,US Citizen,Yes,Black or African American,2012-04-02 00:00:00,2016-09-19 00:00:00,unhappy,Voluntarily Terminated,Production       ,Kissy Sullivan,20,Diversity Job Fair,Fully Meets,4.2,3,0,2016-05-06 00:00:00,0,15
"Bugali, Josephine ",10203,0,3,0,3,5,3,1,64375,0,19,Production Technician I,MA,02043,1969-10-30 00:00:00,F,US Citizen,No,Black or African American,2013-11-11 00:00:00,NULL,N/A-StillEmployed,Active,Production       ,Kissy Sullivan,20,Diversity Job Fair,Fully Meets,3.5,5,0,2019-01-21 00:00:00,0,17
"Cole, Spencer",10292,0,0,1,4,5,2,0,59144,1,19,Production Technician I,MA,01880,1979-08-12 00:00:00,M ,US Citizen,No,Black or African American,2011-07-11 00:00:00,2016-09-23 00:00:00,performance,Terminated for Cause,Production       ,Kissy Sullivan,20,LinkedIn,Needs Improvement,2,3,0,2016-05-01 00:00:00,5,16
"Davis, Daniel",10143,0,0,1,1,5,3,0,56294,0,20,Production Technician II,MA,02458,1979-09-14 00:00:00,M ,Eligible NonCitizen,No,Two or more races,2011-11-07 00:00:00,NULL,N/A-StillEmployed,Active,Production       ,Kissy Sullivan,20,LinkedIn,Fully Meets,3.96,4,0,2019-02-27 00:00:00,0,6
"Eaton, Marianne",10064,1,1,0,5,5,3,0,60070,1,19,Production Technician I,MA,02343,1991-09-05 00:00:00,F,US Citizen,No,White,2011-04-04 00:00:00,2017-06-06 00:00:00,military,Voluntarily Terminated,Production       ,Kissy Sullivan,20,Google Search,Fully Meets,5,3,0,2017-04-09 00:00:00,0,7
"Gosciminski, Phylicia  ",10218,0,3,0,3,5,3,0,66149,0,20,Production Technician II,MA,01824,1983-12-08 00:00:00,F,US Citizen,No,American Indian or Alaska Native,2013-09-30 00:00:00,NULL,N/A-StillEmployed,Active,Production       ,Kissy Sullivan,20,Google Search,Fully Meets,4.4,5,0,2019-02-21 00:00:00,0,1
"Goyal, Roxana",10256,1,1,0,3,5,3,0,49256,0,19,Production Technician I,MA,01864,1974-10-09 00:00:00,F,US Citizen,No,Asian,2013-08-19 00:00:00,NULL,N/A-StillEmployed,Active,Production       ,Kissy Sullivan,20,LinkedIn,Fully Meets,4.1,5,0,2019-02-15 00:00:00,0,3
"Jacobi, Hannah  ",10236,0,2,0,1,5,3,0,45069,0,19,Production Technician I,MA,01778,1966-03-22 00:00:00,F,US Citizen,No,White,2013-09-30 00:00:00,NULL,N/A-StillEmployed,Active,Production       ,Kissy Sullivan,20,Employee Referral,Fully Meets,4.3,5,0,2019-02-22 00:00:00,0,7
"Latif, Mohammed",10249,1,1,1,5,5,3,0,61962,1,20,Production Technician II,MA,02126,1984-05-09 00:00:00,M ,US Citizen,No,White,2012-04-02 00:00:00,2013-04-15 00:00:00,more money,Voluntarily Terminated,Production       ,Kissy Sullivan,20,Google Search,Fully Meets,4.9,3,0,2013-02-20 00:00:00,0,20
"Leach, Dallas",10087,0,0,0,5,5,3,0,63676,1,19,Production Technician I,MA,01810,1979-01-17 00:00:00,F,US Citizen,No,Asian,2011-09-26 00:00:00,2018-08-19 00:00:00,return to school,Voluntarily Terminated,Production       ,Kissy Sullivan,20,CareerBuilder,Fully Meets,4.88,3,0,2017-07-02 00:00:00,0,17
"Mckenna, Sandy",10145,1,1,0,1,5,3,0,62810,0,19,Production Technician I,MA,02184,1987-01-07 00:00:00,F,US Citizen,No,Black or African American,2013-01-07 00:00:00,NULL,N/A-StillEmployed,Active,Production       ,Kissy Sullivan,20,CareerBuilder,Fully Meets,3.93,3,0,2019-01-30 00:00:00,0,20
"Monterro, Luisa",10025,0,0,0,1,5,4,0,72460,0,20,Production Technician II,MA,02126,1970-04-24 00:00:00,F,US Citizen,No,Black or African American,2013-05-13 00:00:00,NULL,N/A-StillEmployed,Active,Production       ,Kissy Sullivan,20,Indeed,Exceeds,4.7,3,0,2019-01-14 00:00:00,0,1
"Myers, Michael",10216,0,0,1,1,5,3,0,57575,0,19,Production Technician I,MA,01550,1980-04-18 00:00:00,M ,US Citizen,No,Asian,2013-07-08 00:00:00,NULL,N/A-StillEmployed,Active,Production       ,Kissy Sullivan,20,LinkedIn,Fully Meets,4.1,4,0,2019-01-22 00:00:00,0,13
"O'hare, Lynn",10303,0,0,0,4,5,1,0,52674,1,19,Production Technician I,MA,02152,1980-09-30 00:00:00,F,US Citizen,No,Two or more races,2014-03-31 00:00:00,2018-05-01 00:00:00,performance,Terminated for Cause,Production       ,Kissy Sullivan,20,LinkedIn,PIP,2.33,2,0,2018-03-09 00:00:00,6,3
"Power, Morissa",10187,0,2,0,5,5,3,0,46799,1,19,Production Technician I,MA,01742,1984-10-15 00:00:00,F,Eligible NonCitizen,No,Asian,2011-05-16 00:00:00,2018-06-04 00:00:00,Another position,Voluntarily Terminated,Production       ,Kissy Sullivan,20,Google Search,Fully Meets,3.17,4,0,2018-04-02 00:00:00,0,14
"Purinton, Janine",10262,0,2,0,5,5,3,0,46430,1,19,Production Technician I,MA,02474,1970-09-22 00:00:00,F,US Citizen,No,White,2012-09-24 00:00:00,2013-06-18 00:00:00,unhappy,Voluntarily Terminated,Production       ,Kissy Sullivan,20,Indeed,Fully Meets,4.5,5,0,2013-04-02 00:00:00,0,16
"Robertson, Peter",10224,1,1,1,5,5,3,0,55578,1,20,Production Technician II,MA,02138,1972-07-03 00:00:00,M ,US Citizen,No,White,2011-07-05 00:00:00,2012-02-08 00:00:00,Another position,Voluntarily Terminated,Production       ,Kissy Sullivan,20,Indeed,Fully Meets,4.2,5,0,2012-01-06 00:00:00,0,13
"Rossetti, Bruno",10065,0,0,1,5,5,3,0,53180,1,19,Production Technician I,MA,02155,1987-03-18 00:00:00,M ,US Citizen,No,White,2011-04-04 00:00:00,2018-08-13 00:00:00,Another position,Voluntarily Terminated,Production       ,Kissy Sullivan,20,Google Search,Fully Meets,5,5,0,2018-07-02 00:00:00,0,4
"Stanford,Barbara  M",10278,0,2,0,1,5,3,0,47961,0,19,Production Technician I,MA,02050,1982-08-25 00:00:00,F,US Citizen,No,Two or more races,2011-01-10 00:00:00,NULL,N/A-StillEmployed,Active,Production       ,Kissy Sullivan,20,Google Search,Fully Meets,4.1,4,0,2019-02-07 00:00:00,0,9
"Veera, Abdellah ",10014,0,2,1,5,5,4,0,58523,1,19,Production Technician I,MA,02171,1987-01-31 00:00:00,M ,US Citizen,No,White,2012-08-13 00:00:00,2016-02-05 00:00:00,maternity leave - did not return,Voluntarily Terminated,Production       ,Kissy Sullivan,20,LinkedIn,Exceeds,4.5,5,0,2016-02-01 00:00:00,0,15
"Woodson, Jason",10135,0,0,1,1,5,3,0,65893,0,20,Production Technician II,MA,01810,1985-05-11 00:00:00,M ,US Citizen,No,White,2014-07-07 00:00:00,NULL,N/A-StillEmployed,Active,Production       ,Kissy Sullivan,20,LinkedIn,Fully Meets,4.07,4,0,2019-02-28 00:00:00,0,13
"Chigurh, Anton",10200,0,0,1,1,6,3,0,66808,0,3,Area Sales Manager,TX,78207,1970-06-11 00:00:00,M ,Eligible NonCitizen,No,Black or African American,2012-05-14 00:00:00,NULL,N/A-StillEmployed,Active,Sales,Lynn Daneault,21,Employee Referral,Fully Meets,3,5,0,2019-01-19 00:00:00,0,17
"Driver, Elle",10006,0,0,0,1,6,4,0,74241,0,3,Area Sales Manager,CA,90007,1988-11-08 00:00:00,F,US Citizen,No,White,2011-01-10 00:00:00,NULL,N/A-StillEmployed,Active,Sales,Lynn Daneault,21,Indeed,Exceeds,4.77,5,0,2019-01-27 00:00:00,0,14
"Forrest, Alex",10305,1,1,1,1,6,3,0,70187,1,3,Area Sales Manager,MA,02330,1975-07-07 00:00:00,M ,US Citizen,No,White,2014-09-29 00:00:00,2018-08-19 00:00:00,Fatal attraction,Terminated for Cause,Sales,Lynn Daneault,21,Employee Referral,PIP,2,5,0,2019-01-28 00:00:00,4,7
"Fraval, Maruk ",10258,0,0,1,1,6,3,0,67251,0,3,Area Sales Manager,CT,06050,1963-08-28 00:00:00,M ,US Citizen,No,Black or African American,2011-09-06 00:00:00,NULL,N/A-StillEmployed,Active,Sales,Lynn Daneault,21,CareerBuilder,Fully Meets,4.3,3,0,2019-01-27 00:00:00,2,7
"Givens, Myriam",10255,0,0,0,1,6,3,0,61555,0,3,Area Sales Manager,IN,46204,1989-09-22 00:00:00,F,US Citizen,No,White,2015-02-16 00:00:00,NULL,N/A-StillEmployed,Active,Sales,Lynn Daneault,21,Indeed,Fully Meets,4.5,5,0,2019-01-25 00:00:00,0,20
"Khemmich, Bartholemew",10231,0,0,1,1,6,3,0,65310,0,3,Area Sales Manager,CO,80820,1979-11-27 00:00:00,M ,US Citizen,No,White,2013-08-19 00:00:00,NULL,N/A-StillEmployed,Active,Sales,Lynn Daneault,21,Indeed,Fully Meets,4.3,5,0,2019-01-22 00:00:00,0,13
"McKinzie, Jac",10202,1,1,1,2,6,3,0,63291,0,3,Area Sales Manager,TX,78789,1984-07-01 00:00:00,M ,US Citizen,No,Two or more races,2016-07-06 00:00:00,NULL,N/A-StillEmployed,Active,Sales,Lynn Daneault,21,Website,Fully Meets,3.4,4,0,2019-01-29 00:00:00,0,7
"Nguyen, Dheepa",10042,0,0,0,1,6,3,0,63695,0,3,Area Sales Manager,GA,30428,1989-03-31 00:00:00,F,US Citizen,No,Two or more races,2013-07-08 00:00:00,NULL,N/A-StillEmployed,Active,Sales,Lynn Daneault,21,Indeed,Fully Meets,5,5,0,2019-01-25 00:00:00,0,2
"Onque, Jasmine",10121,0,0,0,1,6,3,0,63051,0,3,Area Sales Manager,FL,33174,1990-05-11 00:00:00,F,US Citizen,Yes,White,2013-09-30 00:00:00,NULL,N/A-StillEmployed,Active,Sales,Lynn Daneault,21,Indeed,Fully Meets,4.28,3,0,2019-01-25 00:00:00,0,1
"Potts, Xana",10124,1,1,0,1,6,3,0,61844,0,3,Area Sales Manager,KY,40220,1988-08-29 00:00:00,F,US Citizen,No,Black or African American,2012-01-09 00:00:00,NULL,N/A-StillEmployed,Active,Sales,Lynn Daneault,21,Website,Fully Meets,4.2,5,0,2019-02-01 00:00:00,0,9
"Stansfield, Norman",10307,1,1,1,1,6,1,0,58273,0,3,Area Sales Manager,NV,89139,1974-05-09 00:00:00,M ,US Citizen,No,White,2014-05-12 00:00:00,NULL,N/A-StillEmployed,Active,Sales,Lynn Daneault,21,Website,PIP,1.81,2,0,2019-01-17 00:00:00,3,5
"Terry, Sharlene ",10161,0,0,0,1,6,3,0,58370,0,3,Area Sales Manager,OR,97756,1965-05-07 00:00:00,F,US Citizen,No,Black or African American,2014-09-29 00:00:00,NULL,N/A-StillEmployed,Active,Sales,Lynn Daneault,21,Indeed,Fully Meets,3.69,3,0,2019-01-28 00:00:00,0,18
"Torrence, Jack",10013,0,3,1,1,6,4,0,64397,0,3,Area Sales Manager,ND,58782,1968-01-15 00:00:00,M ,US Citizen,No,White,2006-01-09 00:00:00,NULL,N/A-StillEmployed,Active,Sales,Lynn Daneault,21,Indeed,Exceeds,4.1,3,0,2019-01-04 00:00:00,0,6
"Adinolfi, Wilson  K",10026,0,0,1,1,5,4,0,62506,0,19,Production Technician I,MA,01960,1983-07-10 00:00:00,M ,US Citizen,No,White,2011-07-05 00:00:00,NULL,N/A-StillEmployed,Active,Production       ,Michael Albert,22,LinkedIn,Exceeds,4.6,5,0,2019-01-17 00:00:00,0,1
"Barton, Nader",10066,0,2,1,5,5,3,0,52505,1,19,Production Technician I,MA,02747,1977-07-15 00:00:00,M ,US Citizen,No,White,2012-09-24 00:00:00,2017-04-06 00:00:00,Another position,Voluntarily Terminated,Production       ,Michael Albert,22,On-line Web application,Fully Meets,5,5,0,2017-03-02 00:00:00,0,1
"Blount, Dianna",10294,0,0,0,1,5,2,0,66441,0,20,Production Technician II,MA,02171,1990-09-21 00:00:00,F,US Citizen,No,White,2011-04-04 00:00:00,NULL,N/A-StillEmployed,Active,Production       ,Michael Albert,22,CareerBuilder,Needs Improvement,2,3,0,2019-02-27 00:00:00,2,3
"Chace, Beatrice ",10067,0,0,0,1,5,3,0,61656,0,19,Production Technician I,MA,02763,1951-01-02 00:00:00,F,US Citizen,No,White,2014-09-29 00:00:00,NULL,N/A-StillEmployed,Active,Production       ,Michael Albert,22,Google Search,Fully Meets,5,4,0,2019-02-12 00:00:00,0,11
"Crimmings,   Jean",10132,0,0,0,2,5,3,0,56149,0,19,Production Technician I,MA,01821,1987-04-10 00:00:00,F,US Citizen,No,White,2016-07-06 00:00:00,NULL,N/A-StillEmployed,Active,Production       ,Michael Albert,22,LinkedIn,Fully Meets,4.12,5,0,2019-01-28 00:00:00,0,15
"Erilus, Angela",10299,0,3,0,1,5,1,0,56847,0,20,Production Technician II,MA,02133,1989-08-25 00:00:00,F,US Citizen,No,White,2014-07-07 00:00:00,NULL,N/A-StillEmployed,Active,Production       ,Michael Albert,22,Indeed,PIP,3,1,0,2019-02-25 00:00:00,2,5
"Estremera, Miguel",10280,0,0,1,4,5,2,0,60340,1,19,Production Technician I,MA,02129,1983-09-02 00:00:00,M ,US Citizen,No,White,2012-04-02 00:00:00,2018-09-27 00:00:00,attendance,Terminated for Cause,Production       ,Michael Albert,22,Google Search,Needs Improvement,5,4,0,2018-04-12 00:00:00,5,16
"Gentry, Mildred",10159,1,1,0,1,5,3,0,51337,0,19,Production Technician I,MA,02145,1990-10-01 00:00:00,F,US Citizen,No,Black or African American,2015-03-30 00:00:00,NULL,N/A-StillEmployed,Active,Production       ,Michael Albert,22,LinkedIn,Fully Meets,3.73,3,0,2019-01-16 00:00:00,0,19
"Handschiegl, Joanne",10125,1,1,0,1,5,3,0,54828,0,19,Production Technician I,MA,02127,1977-03-23 00:00:00,F,US Citizen,No,White,2011-11-28 00:00:00,NULL,N/A-StillEmployed,Active,Production       ,Michael Albert,22,Google Search,Fully Meets,4.2,4,0,2019-02-22 00:00:00,0,13
"Johnson, George",10034,1,1,1,5,5,4,0,46837,1,19,Production Technician I,MA,02445,1959-08-19 00:00:00,M ,US Citizen,No,White,2011-11-07 00:00:00,2018-04-29 00:00:00,more money,Voluntarily Terminated,Production       ,Michael Albert,22,CareerBuilder,Exceeds,4.7,4,0,2018-02-14 00:00:00,0,9
"Keatts, Kramer ",10192,0,0,1,1,5,3,0,50482,0,19,Production Technician I,MA,01887,1976-01-19 00:00:00,M ,US Citizen,No,White,2013-09-30 00:00:00,NULL,N/A-StillEmployed,Active,Production       ,Michael Albert,22,Indeed,Fully Meets,3.07,4,0,2019-01-23 00:00:00,0,10
"Linares, Marilyn ",10186,1,1,0,5,5,3,0,52624,1,19,Production Technician I,MA,01886,1981-03-26 00:00:00,F,US Citizen,No,White,2011-07-05 00:00:00,2018-09-26 00:00:00,unhappy,Voluntarily Terminated,Production       ,Michael Albert,22,Indeed,Fully Meets,3.18,4,0,2018-03-02 00:00:00,0,16
"Lundy, Susan",10096,0,4,0,5,5,3,0,67237,1,20,Production Technician II,MA,02122,1976-12-26 00:00:00,F,US Citizen,No,White,2013-07-08 00:00:00,2016-09-15 00:00:00,more money,Voluntarily Terminated,Production       ,Michael Albert,22,LinkedIn,Fully Meets,4.65,4,0,2016-06-10 00:00:00,0,15
"Medeiros, Jennifer",10068,0,0,0,1,5,3,0,55688,0,19,Production Technician I,MA,02346,1976-09-22 00:00:00,F,US Citizen,No,White,2015-03-30 00:00:00,NULL,N/A-StillEmployed,Active,Production       ,Michael Albert,22,CareerBuilder,Fully Meets,5,4,0,2019-01-21 00:00:00,0,10
"Moumanil, Maliki ",10120,0,3,1,1,5,3,0,74417,0,20,Production Technician II,MA,01460,1974-12-01 00:00:00,M ,US Citizen,No,Black or African American,2013-05-13 00:00:00,NULL,N/A-StillEmployed,Active,Production       ,Michael Albert,22,LinkedIn,Fully Meets,4.29,5,0,2019-01-28 00:00:00,0,11
"Owad, Clinton",10281,0,0,1,1,5,2,0,53060,0,19,Production Technician I,MA,01760,1979-11-24 00:00:00,M ,US Citizen,No,Black or African American,2014-02-17 00:00:00,NULL,N/A-StillEmployed,Active,Production       ,Michael Albert,22,LinkedIn,Needs Improvement,4.25,3,0,2019-02-04 00:00:00,4,6
"Rarrick, Quinn",10152,0,2,1,5,5,3,0,61729,1,19,Production Technician I,MA,02478,1984-12-31 00:00:00,M ,US Citizen,No,White,2011-09-26 00:00:00,2018-04-07 00:00:00,more money,Voluntarily Terminated,Production       ,Michael Albert,22,Indeed,Fully Meets,3.8,5,0,2018-02-04 00:00:00,0,19
"Sadki, Nore  ",10260,0,0,1,5,5,3,0,46428,1,19,Production Technician I,MA,02148,1974-12-21 00:00:00,M ,US Citizen,No,White,2009-01-05 00:00:00,2018-07-30 00:00:00,relocation out of area,Voluntarily Terminated,Production       ,Michael Albert,22,Google Search,Fully Meets,4.6,5,0,2018-02-05 00:00:00,0,7
"Sloan, Constance",10095,0,0,0,5,5,3,0,63878,1,20,Production Technician II,MA,01851,1987-11-25 00:00:00,F,US Citizen,No,White,2009-10-26 00:00:00,2015-04-08 00:00:00,maternity leave - did not return,Voluntarily Terminated,Production       ,Michael Albert,22,CareerBuilder,Fully Meets,4.68,4,0,2015-04-02 00:00:00,0,20
"Sullivan, Timothy",10117,1,1,1,1,5,3,0,63025,0,19,Production Technician I,MA,02747,1982-10-07 00:00:00,M ,US Citizen,Yes,White,2015-01-05 00:00:00,NULL,N/A-StillEmployed,Active,Production       ,Michael Albert,22,Google Search,Fully Meets,4.36,5,0,2019-01-24 00:00:00,0,10
"Von Massenbach, Anna",10183,0,0,0,2,5,3,0,62068,0,19,Production Technician I,MA,02124,1985-04-06 00:00:00,F,US Citizen,No,White,2015-07-05 00:00:00,NULL,N/A-StillEmployed,Active,Production       ,Michael Albert,22,LinkedIn,Fully Meets,3.21,3,0,2019-01-29 00:00:00,0,7
"Homberger, Adrienne  J",10195,1,1,0,5,5,3,0,63478,1,20,Production Technician II,MA,02445,1984-02-16 00:00:00,F,Non-Citizen,No,White,2011-08-15 00:00:00,2012-04-07 00:00:00,relocation out of area,Voluntarily Terminated,Production       ,Michael Albert,30,Indeed,Fully Meets,3.03,5,0,2012-03-05 00:00:00,0,16
"Anderson, Carol ",10069,0,2,0,5,5,3,0,50825,1,19,Production Technician I,MA,02169,1989-09-08 00:00:00,F,US Citizen,No,White,2011-07-11 00:00:00,2016-09-06 00:00:00,return to school,Voluntarily Terminated,Production       ,Webster Butler,39,Google Search,Fully Meets,5,4,0,2016-02-01 00:00:00,0,2
"DeGweck,  James",10070,1,1,1,5,5,3,0,55722,1,19,Production Technician I,MA,01810,1977-10-31 00:00:00,M ,US Citizen,No,White,2011-05-16 00:00:00,2016-06-08 00:00:00,unhappy,Voluntarily Terminated,Production       ,Webster Butler,39,Indeed,Fully Meets,5,4,0,2016-04-02 00:00:00,0,14
"Ferguson, Susan",10189,1,1,0,5,5,3,0,57748,1,19,Production Technician I,MA,02176,1955-04-14 00:00:00,F,US Citizen,No,White,2011-11-07 00:00:00,2016-05-17 00:00:00,military,Voluntarily Terminated,Production       ,Webster Butler,39,Google Search,Fully Meets,3.13,3,0,2016-02-04 00:00:00,0,16
"Gilles, Alex",10283,1,1,1,5,5,2,1,54933,1,19,Production Technician I,MA,02062,1974-08-09 00:00:00,M ,US Citizen,No,Black or African American,2012-04-02 00:00:00,2015-06-25 00:00:00,military,Voluntarily Terminated,Production       ,Webster Butler,39,Diversity Job Fair,Needs Improvement,3.97,4,0,2015-01-20 00:00:00,3,15
"Harrington, Christie ",10097,0,0,0,5,5,3,0,52177,1,19,Production Technician I,MA,02324,1952-08-18 00:00:00,F,US Citizen,No,White,2012-01-09 00:00:00,2015-12-15 00:00:00,retiring,Voluntarily Terminated,Production       ,Webster Butler,39,CareerBuilder,Fully Meets,4.64,4,0,2015-05-02 00:00:00,0,8
"Kinsella, Kathleen  ",10166,1,1,0,5,5,3,0,54005,1,19,Production Technician I,MA,02170,1973-12-08 00:00:00,F,US Citizen,No,White,2011-09-26 00:00:00,2015-06-04 00:00:00,more money,Voluntarily Terminated,Production       ,Webster Butler,39,Google Search,Fully Meets,3.6,5,0,2015-03-01 00:00:00,0,16
"Lynch, Lindsay",10004,0,0,0,5,5,4,1,47434,1,19,Production Technician I,MA,01844,1973-02-14 00:00:00,F,US Citizen,Yes,Black or African American,2011-11-07 00:00:00,2015-11-14 00:00:00,Another position,Voluntarily Terminated,Production       ,Webster Butler,39,Diversity Job Fair,Exceeds,5,4,0,2015-02-02 00:00:00,0,17
"Ndzi, Colombui",10215,0,0,1,5,5,3,1,50470,1,19,Production Technician I,MA,02110,1989-05-02 00:00:00,M ,US Citizen,No,Black or African American,2011-09-26 00:00:00,2014-04-04 00:00:00,return to school,Voluntarily Terminated,Production       ,Webster Butler,39,Diversity Job Fair,Fully Meets,4.3,3,0,2013-03-02 00:00:00,0,19
"Oliver, Brooke ",10078,1,1,0,5,5,3,0,71966,1,20,Production Technician II,MA,02492,1952-02-11 00:00:00,F,US Citizen,No,Asian,2012-05-14 00:00:00,2013-08-19 00:00:00,unhappy,Voluntarily Terminated,Production       ,Webster Butler,39,LinkedIn,Fully Meets,5,3,0,2013-07-02 00:00:00,0,17
"Smith, Martin",10286,0,0,1,5,5,2,0,53564,1,19,Production Technician I,MA,02458,1988-03-17 00:00:00,M ,US Citizen,No,Black or African American,2011-01-10 00:00:00,2017-12-28 00:00:00,career change,Voluntarily Terminated,Production       ,Webster Butler,39,Google Search,Needs Improvement,3.54,5,0,2017-04-06 00:00:00,4,15
"Tavares, Desiree  ",10221,1,1,0,5,5,3,1,60754,1,19,Production Technician I,MA,01801,1975-04-03 00:00:00,F,Non-Citizen,No,Black or African American,2009-04-27 00:00:00,2013-04-01 00:00:00,Another position,Voluntarily Terminated,Production       ,Webster Butler,39,Diversity Job Fair,Fully Meets,4.5,5,0,2012-02-15 00:00:00,0,11
"Thibaud, Kenneth",10268,0,4,1,5,5,3,0,67176,1,20,Production Technician II,MA,02472,1975-09-16 00:00:00,M ,US Citizen,No,White,2007-06-25 00:00:00,2010-08-30 00:00:00,military,Voluntarily Terminated,Production       ,Webster Butler,39,Other,Fully Meets,4.1,4,0,2010-07-14 00:00:00,0,15
"Whittier, Scott",10072,0,0,1,5,5,3,0,58371,1,19,Production Technician I,MA,02030,1987-05-24 00:00:00,M ,US Citizen,Yes,White,2011-01-10 00:00:00,2014-05-15 00:00:00,hours,Voluntarily Terminated,Production       ,Webster Butler,39,LinkedIn,Fully Meets,5,5,0,2014-05-15 00:00:00,0,11
"Becker, Scott",10277,0,0,1,3,5,3,0,53250,0,19,Production Technician I,MA,02452,1979-04-06 00:00:00,M ,US Citizen,No,Asian,2013-07-08 00:00:00,NULL,N/A-StillEmployed,Active,Production       ,Webster Butler,,LinkedIn,Fully Meets,4.2,4,0,2019-01-11 00:00:00,0,13
"Buccheri, Joseph  ",10184,0,0,1,1,5,3,0,65288,0,20,Production Technician II,MA,01013,1983-07-28 00:00:00,M ,US Citizen,No,White,2014-09-29 00:00:00,NULL,N/A-StillEmployed,Active,Production       ,Webster Butler,,Google Search,Fully Meets,3.19,3,0,2019-02-01 00:00:00,0,9
"Chang, Donovan  E",10154,0,0,1,1,5,3,0,60380,0,19,Production Technician I,MA,01845,1983-08-24 00:00:00,M ,US Citizen,No,White,2013-07-08 00:00:00,NULL,N/A-StillEmployed,Active,Production       ,Webster Butler,,LinkedIn,Fully Meets,3.8,5,0,2019-01-14 00:00:00,0,4
"Fancett, Nicole",10136,0,0,0,1,5,3,0,65902,0,20,Production Technician II,MA,02324,1987-09-27 00:00:00,F,US Citizen,No,Black or African American,2014-02-17 00:00:00,NULL,N/A-StillEmployed,Active,Production       ,Webster Butler,,LinkedIn,Fully Meets,4,4,0,2019-01-07 00:00:00,0,7
"Hutter, Rosalie",10214,0,3,0,2,5,3,0,64995,0,20,Production Technician II,MA,02351,1992-05-07 00:00:00,F,US Citizen,No,White,2015-06-05 00:00:00,NULL,N/A-StillEmployed,Active,Production       ,Webster Butler,,Indeed,Fully Meets,4.5,3,0,2019-02-14 00:00:00,0,6
"Manchester, Robyn",10077,1,1,0,2,5,3,0,62385,0,20,Production Technician II,MA,02324,1976-08-25 00:00:00,F,US Citizen,No,White,2016-05-11 00:00:00,NULL,N/A-StillEmployed,Active,Production       ,Webster Butler,,LinkedIn,Fully Meets,5,3,0,2019-01-21 00:00:00,0,4
"Rivera, Haley  ",10011,1,1,0,1,5,4,0,46738,0,19,Production Technician I,MA,02171,1973-01-12 00:00:00,F,US Citizen,No,Asian,2011-11-28 00:00:00,NULL,N/A-StillEmployed,Active,Production       ,Webster Butler,,Google Search,Exceeds,4.36,5,0,2019-02-11 00:00:00,0,16
"Sewkumar, Nori",10071,0,0,0,3,5,3,0,50923,0,19,Production Technician I,MA,02191,1975-03-10 00:00:00,F,US Citizen,No,Asian,2013-09-30 00:00:00,NULL,N/A-StillEmployed,Active,Production       ,Webster Butler,,Google Search,Fully Meets,5,5,0,2019-02-06 00:00:00,0,14
